Organism,Dataset,fasta_type,REF,CON,XXX
Arthrobacter_sp_FB24,Arthro_008-LTQFT2_04Oct05_Andro_0705-06,msgfplus,6466,22,207
Arthrobacter_sp_FB24,Arthro_008-LTQFT2_04Oct05_Andro_0705-06,annotated,6464,22,207
Arthrobacter_sp_FB24,Arthro_004-LTQFT3_30Sep05_Andro_0705-07,msgfplus,6493,19,201
Arthrobacter_sp_FB24,Arthro_004-LTQFT3_30Sep05_Andro_0705-07,annotated,6506,18,207
Arthrobacter_sp_FB24,Arthro_010-LTQFT1_04Oct05_Andro_0705-07,msgfplus,5823,41,128
Arthrobacter_sp_FB24,Arthro_010-LTQFT1_04Oct05_Andro_0705-07,annotated,5800,41,128
Arthrobacter_sp_FB24,Arthro_003_LTQFT3_27Oct05_Griffin_05-09-04,msgfplus,3516,10,120
Arthrobacter_sp_FB24,Arthro_003_LTQFT3_27Oct05_Griffin_05-09-04,annotated,3503,10,122
Arthrobacter_sp_FB24,Arthro_012-LTQFT2_05Oct05_Andro_0705-06,msgfplus,5661,37,121
Arthrobacter_sp_FB24,Arthro_012-LTQFT2_05Oct05_Andro_0705-06,annotated,5647,37,124
Arthrobacter_sp_FB24,Arthro_001-LTQFT1_28Sep05_Andro_0705-06,msgfplus,5714,65,180
Arthrobacter_sp_FB24,Arthro_001-LTQFT1_28Sep05_Andro_0705-06,annotated,5711,65,179
Arthrobacter_sp_FB24,Arthro_006-LTQFT3_30Sep05_Andro_0705-07,msgfplus,6697,14,197
Arthrobacter_sp_FB24,Arthro_006-LTQFT3_30Sep05_Andro_0705-07,annotated,6673,14,202
Arthrobacter_sp_FB24,Arthro_005-LTQFT3_30Sep05_Andro_0705-07,msgfplus,6575,16,179
Arthrobacter_sp_FB24,Arthro_005-LTQFT3_30Sep05_Andro_0705-07,annotated,6557,16,181
Arthrobacter_sp_FB24,Arthro_001-LTQFT2_28Sep05_Andro_0705-06,msgfplus,5613,49,173
Arthrobacter_sp_FB24,Arthro_001-LTQFT2_28Sep05_Andro_0705-06,annotated,5607,49,173
Arthrobacter_sp_FB24,Arthro_008-LTQFT3_04Oct05_Andro_0705-07,msgfplus,6509,34,199
Arthrobacter_sp_FB24,Arthro_008-LTQFT3_04Oct05_Andro_0705-07,annotated,6523,34,201
Bartonella_henselae_Houston-1,Bhens_TM_01_total_111107165607,msgfplus,5,0,0
Bartonella_henselae_Houston-1,Bhens_TM_01_total_111107165607,annotated,5,0,0
Bartonella_henselae_Houston-1,bhens_L30k_IM_02,msgfplus,2,0,0
Bartonella_henselae_Houston-1,bhens_L30k_IM_02,annotated,2,0,0
Bartonella_henselae_Houston-1,Bhens_OM_01_07_18Sep12_Earth_12-04-15,msgfplus,4981,38,75
Bartonella_henselae_Houston-1,Bhens_OM_01_07_18Sep12_Earth_12-04-15,annotated,4967,38,68
Bartonella_henselae_Houston-1,Bhens_TM_02_total_111108123242,msgfplus,28,0,0
Bartonella_henselae_Houston-1,Bhens_TM_02_total_111108123242,annotated,28,0,0
Bartonella_henselae_Houston-1,Bhens_Cyt_02_13_Ahrens_07Oct11_Lynx_11-09-28,msgfplus,2713,424,87
Bartonella_henselae_Houston-1,Bhens_Cyt_02_13_Ahrens_07Oct11_Lynx_11-09-28,annotated,2666,424,87
Bartonella_henselae_Houston-1,Bhens_OM_01_10_12Sep12_Earth_12-04-15,msgfplus,4510,69,72
Bartonella_henselae_Houston-1,Bhens_OM_01_10_12Sep12_Earth_12-04-15,annotated,4498,70,65
Bartonella_henselae_Houston-1,Bhens_OM_01_20_12Sep12_Earth_12-04-17,msgfplus,5736,105,76
Bartonella_henselae_Houston-1,Bhens_OM_01_20_12Sep12_Earth_12-04-17,annotated,5681,105,73
Bartonella_henselae_Houston-1,Bhens_OM_02_13_12Sep12_Earth_12-04-16,msgfplus,6230,84,142
Bartonella_henselae_Houston-1,Bhens_OM_02_13_12Sep12_Earth_12-04-16,annotated,6079,84,137
Bartonella_henselae_Houston-1,Bhens_IM_02_04_Ahrens_12Oct11_Lynx_11-08-11,msgfplus,4846,16,184
Bartonella_henselae_Houston-1,Bhens_IM_02_04_Ahrens_12Oct11_Lynx_11-08-11,annotated,4695,16,175
Bartonella_henselae_Houston-1,Bhens_IM_02_08_Ahrens_12Oct11_Lynx_11-08-11,msgfplus,4595,114,117
Bartonella_henselae_Houston-1,Bhens_IM_02_08_Ahrens_12Oct11_Lynx_11-08-11,annotated,4461,115,115
Cyanobacterium_synechocystis_PCC6803,HLP_TR2_01_3Oct12_Cougar_12-06-10,msgfplus,86,125,4
Cyanobacterium_synechocystis_PCC6803,HLP_TR2_01_3Oct12_Cougar_12-06-10,annotated,126,153,6
Cyanobacterium_synechocystis_PCC6803,HLP_Ana_InSl_10_21Jun12_Tiger_12-05-06,msgfplus,4,2,0
Cyanobacterium_synechocystis_PCC6803,HLP_Ana_InSl_10_21Jun12_Tiger_12-05-06,annotated,4,2,0
Cyanobacterium_synechocystis_PCC6803,6803_totalCys1_pept_18Sep12_Earth_12-04-17,msgfplus,633,71,40
Cyanobacterium_synechocystis_PCC6803,6803_totalCys1_pept_18Sep12_Earth_12-04-17,annotated,645,71,28
Cyanobacterium_synechocystis_PCC6803,HLP_Ana_Sl_10_21Jun12_Tiger_12-05-06,msgfplus,319,154,2
Cyanobacterium_synechocystis_PCC6803,HLP_Ana_Sl_10_21Jun12_Tiger_12-05-06,annotated,317,154,2
Cyanobacterium_synechocystis_PCC6803,HLP_TR2_11_5Oct12_Cougar_12-06-10,msgfplus,53,153,3
Cyanobacterium_synechocystis_PCC6803,HLP_TR2_11_5Oct12_Cougar_12-06-10,annotated,53,153,3
Cyanobacterium_synechocystis_PCC6803,HLP_Ana_InSl_12_21Jun12_Tiger_12-05-06,msgfplus,0,0,0
Cyanobacterium_synechocystis_PCC6803,HLP_Ana_InSl_12_21Jun12_Tiger_12-05-06,annotated,0,0,0
Cyanobacterium_synechocystis_PCC6803,HLP_Oscar_Sl_12_16Jun12_Tiger_12-05-06,msgfplus,69,54,1
Cyanobacterium_synechocystis_PCC6803,HLP_Oscar_Sl_12_16Jun12_Tiger_12-05-06,annotated,69,54,1
Cyanobacterium_synechocystis_PCC6803,HLP_Oscar_Gl_4_16Jun12_Tiger_12-05-06,msgfplus,177,64,15
Cyanobacterium_synechocystis_PCC6803,HLP_Oscar_Gl_4_16Jun12_Tiger_12-05-06,annotated,176,64,15
Cyanobacterium_synechocystis_PCC6803,HLP_Oscar_InSl_6_16Jun12_Tiger_12-05-06,msgfplus,48,34,2
Cyanobacterium_synechocystis_PCC6803,HLP_Oscar_InSl_6_16Jun12_Tiger_12-05-06,annotated,48,35,2
Cyanobacterium_synechocystis_PCC6803,HLP_TR2_18_5Oct12_Cougar_12-06-10-chk,msgfplus,82,179,4
Cyanobacterium_synechocystis_PCC6803,HLP_TR2_18_5Oct12_Cougar_12-06-10-chk,annotated,79,179,4
Cyanothece_sp_ATCC51142,CTC_4_03s_O18_B_03_Orbi_15Aug07_Owl_07-04-15,msgfplus,1559,24,86
Cyanothece_sp_ATCC51142,CTC_4_03s_O18_B_03_Orbi_15Aug07_Owl_07-04-15,annotated,1566,24,87
Cyanothece_sp_ATCC51142,CTC_4_15s_O18_B_05_Orbi_23Aug07_Owl_07-06-07,msgfplus,414,4,26
Cyanothece_sp_ATCC51142,CTC_4_15s_O18_B_05_Orbi_23Aug07_Owl_07-06-07,annotated,410,4,25
Cyanothece_sp_ATCC51142,Mixed_subcell-26c_27Aug10_Falcon_10-07-37,msgfplus,530,173,31
Cyanothece_sp_ATCC51142,Mixed_subcell-26c_27Aug10_Falcon_10-07-37,annotated,534,174,33
Cyanothece_sp_ATCC51142,CTC_4_06m_O18_01_LTQ_14Jul07_Owl_07-06-05,msgfplus,291,8,10
Cyanothece_sp_ATCC51142,CTC_4_06m_O18_01_LTQ_14Jul07_Owl_07-06-05,annotated,297,8,12
Cyanothece_sp_ATCC51142,47538_PlasPC_Pos_test_Roc_09-09-02,msgfplus,4,0,0
Cyanothece_sp_ATCC51142,47538_PlasPC_Pos_test_Roc_09-09-02,annotated,3,0,0
Cyanothece_sp_ATCC51142,CTC_4_18s_O18_B_02_Orbi_09Aug07_Owl_07-04-13,msgfplus,2350,68,108
Cyanothece_sp_ATCC51142,CTC_4_18s_O18_B_02_Orbi_09Aug07_Owl_07-04-13,annotated,2341,68,109
Cyanothece_sp_ATCC51142,Cyano_Biohydrogen_A1_04_20Feb11_Doc_11-02-12,msgfplus,4907,37,207
Cyanothece_sp_ATCC51142,Cyano_Biohydrogen_A1_04_20Feb11_Doc_11-02-12,annotated,4902,37,206
Cyanothece_sp_ATCC51142,CTC_6_01_02_10Aug06_Draco_06-06-01,msgfplus,2161,66,64
Cyanothece_sp_ATCC51142,CTC_6_01_02_10Aug06_Draco_06-06-01,annotated,2153,66,65
Cyanothece_sp_ATCC51142,Cyano_Biohydrogen_C1_01_3Feb11_Doc_10-09-52,msgfplus,2455,42,89
Cyanothece_sp_ATCC51142,Cyano_Biohydrogen_C1_01_3Feb11_Doc_10-09-52,annotated,2458,42,89
Cyanothece_sp_ATCC51142,CTC_6_05s_08_08Mar07_Phoenix_06-11-17,msgfplus,494,71,25
Cyanothece_sp_ATCC51142,CTC_6_05s_08_08Mar07_Phoenix_06-11-17,annotated,493,72,25
Cyanothece_strain_PCC7424,Cyano_GC_03_15_10Jun09_Draco_09-05-02,msgfplus,5609,140,160
Cyanothece_strain_PCC7424,Cyano_GC_03_15_10Jun09_Draco_09-05-02,annotated,5612,140,159
Cyanothece_strain_PCC7424,Cyano_GC_02_01_18Jul09_Draco_09-05-01,msgfplus,114,5,2
Cyanothece_strain_PCC7424,Cyano_GC_02_01_18Jul09_Draco_09-05-01,annotated,119,5,2
Cyanothece_strain_PCC7424,Cyano_GC_01_24_3Sep09_Draco_09-05-03,msgfplus,1714,28,54
Cyanothece_strain_PCC7424,Cyano_GC_01_24_3Sep09_Draco_09-05-03,annotated,1707,28,56
Cyanothece_strain_PCC7424,Cyano_GC_02_04_18Jul09_Draco_09-05-04,msgfplus,115,3,15
Cyanothece_strain_PCC7424,Cyano_GC_02_04_18Jul09_Draco_09-05-04,annotated,115,3,15
Cyanothece_strain_PCC7424,Cyano_GC_01_18_27Aug09_Draco_09-05-03,msgfplus,2010,12,48
Cyanothece_strain_PCC7424,Cyano_GC_01_18_27Aug09_Draco_09-05-03,annotated,1991,12,49
Cyanothece_strain_PCC7424,Cyano_GC_01_20_27Aug09_Draco_09-05-03,msgfplus,1767,8,42
Cyanothece_strain_PCC7424,Cyano_GC_01_20_27Aug09_Draco_09-05-03,annotated,1762,8,41
Cyanothece_strain_PCC7424,Cyano_GC_01_19_27Aug09_Draco_09-05-03,msgfplus,2093,13,47
Cyanothece_strain_PCC7424,Cyano_GC_01_19_27Aug09_Draco_09-05-03,annotated,2082,13,48
Cyanothece_strain_PCC7424,Cyano_GC_03_22_10Jun09_Draco_09-05-01,msgfplus,1194,56,26
Cyanothece_strain_PCC7424,Cyano_GC_03_22_10Jun09_Draco_09-05-01,annotated,1195,56,26
Cyanothece_strain_PCC7424,Cyano_GC_02_23_20Jul09_Draco_09-05-03,msgfplus,742,23,17
Cyanothece_strain_PCC7424,Cyano_GC_02_23_20Jul09_Draco_09-05-03,annotated,735,23,15
Cyanothece_strain_PCC7424,Cyano_GC_02_LtqB_1Jun09_Draco_09-05-02,msgfplus,2201,75,77
Cyanothece_strain_PCC7424,Cyano_GC_02_LtqB_1Jun09_Draco_09-05-02,annotated,2203,75,78
Cyanothece_strain_PCC7425,Cyano_GC_05_08_4Jun09_Draco_09-05-04,msgfplus,13,0,0
Cyanothece_strain_PCC7425,Cyano_GC_05_08_4Jun09_Draco_09-05-04,annotated,13,0,0
Cyanothece_strain_PCC7425,Cyano_GC_04_04_12Aug09_Draco_09-05-02,msgfplus,4294,18,152
Cyanothece_strain_PCC7425,Cyano_GC_04_04_12Aug09_Draco_09-05-02,annotated,4273,18,153
Cyanothece_strain_PCC7425,Cyano_GC_06_10_25Jun09_Draco_09-05-04,msgfplus,723,0,25
Cyanothece_strain_PCC7425,Cyano_GC_06_10_25Jun09_Draco_09-05-04,annotated,726,0,27
Cyanothece_strain_PCC7425,Cyano_GC_04_LtqA_14Aug09_Draco_09-05-03,msgfplus,5513,70,207
Cyanothece_strain_PCC7425,Cyano_GC_04_LtqA_14Aug09_Draco_09-05-03,annotated,5499,70,209
Cyanothece_strain_PCC7425,Cyano_GC_06_05_25Jun09_Draco_09-05-03,msgfplus,281,4,12
Cyanothece_strain_PCC7425,Cyano_GC_06_05_25Jun09_Draco_09-05-03,annotated,277,4,12
Cyanothece_strain_PCC7425,Cyano_GC_04_17_17Aug09_Draco_09-05-01,msgfplus,5156,83,165
Cyanothece_strain_PCC7425,Cyano_GC_04_17_17Aug09_Draco_09-05-01,annotated,5144,82,180
Cyanothece_strain_PCC7425,Cyano_GC_05_16_2Jun09_Draco_09-05-02,msgfplus,15,0,0
Cyanothece_strain_PCC7425,Cyano_GC_05_16_2Jun09_Draco_09-05-02,annotated,15,0,0
Cyanothece_strain_PCC7425,Cyano_GC_04_21_14Aug09_Draco_09-05-01,msgfplus,2696,52,96
Cyanothece_strain_PCC7425,Cyano_GC_04_21_14Aug09_Draco_09-05-01,annotated,2716,52,93
Cyanothece_strain_PCC7425,Cyano_GC_05_06_1Jun09_Draco_09-05-04,msgfplus,1,0,0
Cyanothece_strain_PCC7425,Cyano_GC_05_06_1Jun09_Draco_09-05-04,annotated,1,0,0
Cyanothece_strain_PCC7425,Cyano_GC_06_18_26Jun09_Draco_09-05-04,msgfplus,3484,90,110
Cyanothece_strain_PCC7425,Cyano_GC_06_18_26Jun09_Draco_09-05-04,annotated,3466,88,108
Cyanothece_strain_PCC7822,Cyano_GC_10_LtqA_21Aug09_Draco_09-05-01,msgfplus,1422,24,46
Cyanothece_strain_PCC7822,Cyano_GC_10_LtqA_21Aug09_Draco_09-05-01,annotated,1431,25,48
Cyanothece_strain_PCC7822,Cyano_GC_12_23_19Aug09_Draco_09-05-01,msgfplus,2664,21,45
Cyanothece_strain_PCC7822,Cyano_GC_12_23_19Aug09_Draco_09-05-01,annotated,2657,21,45
Cyanothece_strain_PCC7822,Cyano_GC_10_05_21Aug09_Draco_09-05-01,msgfplus,282,16,11
Cyanothece_strain_PCC7822,Cyano_GC_10_05_21Aug09_Draco_09-05-01,annotated,278,16,11
Cyanothece_strain_PCC7822,Cyano_GC_11_16_19Jun09_Draco_09-05-04,msgfplus,1043,21,19
Cyanothece_strain_PCC7822,Cyano_GC_11_16_19Jun09_Draco_09-05-04,annotated,1038,21,19
Cyanothece_strain_PCC7822,Cyano_Biohydrogen_B1_02_9Feb11_Doc_11-02-11,msgfplus,6007,83,222
Cyanothece_strain_PCC7822,Cyano_Biohydrogen_B1_02_9Feb11_Doc_11-02-11,annotated,6006,83,220
Cyanothece_strain_PCC7822,Cyano_Biohydrogen_B1_1_3Mar11_Doc_11-02-09,msgfplus,5784,76,212
Cyanothece_strain_PCC7822,Cyano_Biohydrogen_B1_1_3Mar11_Doc_11-02-09,annotated,5777,75,212
Cyanothece_strain_PCC7822,Cyano_GC_11_15_19Jun09_Draco_09-05-03,msgfplus,753,25,18
Cyanothece_strain_PCC7822,Cyano_GC_11_15_19Jun09_Draco_09-05-03,annotated,751,25,21
Cyanothece_strain_PCC7822,Cyano_Biohydrogen_B7_04_3Mar11_Doc_11-02-12,msgfplus,5256,130,211
Cyanothece_strain_PCC7822,Cyano_Biohydrogen_B7_04_3Mar11_Doc_11-02-12,annotated,5248,130,212
Cyanothece_strain_PCC7822,Cyano_Biohydrogen_B1_01_3Feb11_Doc_10-12-07,msgfplus,5794,76,208
Cyanothece_strain_PCC7822,Cyano_Biohydrogen_B1_01_3Feb11_Doc_10-12-07,annotated,5782,76,207
Cyanothece_strain_PCC7822,Cyano_B_Pool_03_4Feb11_Roc_10-09-26,msgfplus,7040,153,148
Cyanothece_strain_PCC7822,Cyano_B_Pool_03_4Feb11_Roc_10-09-26,annotated,7033,153,146
Cyanothece_strain_PCC8801,Cyano_GC_07_08_25Aug09_Draco_09-05-02,msgfplus,22,43,0
Cyanothece_strain_PCC8801,Cyano_GC_07_08_25Aug09_Draco_09-05-02,annotated,22,43,0
Cyanothece_strain_PCC8801,Cyano_GC_07_07_25Aug09_Draco_09-05-02,msgfplus,21,83,1
Cyanothece_strain_PCC8801,Cyano_GC_07_07_25Aug09_Draco_09-05-02,annotated,21,83,1
Cyanothece_strain_PCC8801,Cyano_GC_09_16_28Jun09_Draco_09-05-02,msgfplus,5022,114,139
Cyanothece_strain_PCC8801,Cyano_GC_09_16_28Jun09_Draco_09-05-02,annotated,5014,114,141
Cyanothece_strain_PCC8801,Cyano_GC_09_04_27Jun09_Draco_09-05-02,msgfplus,1218,3,17
Cyanothece_strain_PCC8801,Cyano_GC_09_04_27Jun09_Draco_09-05-02,annotated,1218,3,17
Cyanothece_strain_PCC8801,Cyano_GC_08_05_31Aug09_Draco_09-05-01,msgfplus,1,4,0
Cyanothece_strain_PCC8801,Cyano_GC_08_05_31Aug09_Draco_09-05-01,annotated,1,4,0
Cyanothece_strain_PCC8801,Cyano_GC_09_LtqB_29Jun09_Draco_09-05-02,msgfplus,6432,64,200
Cyanothece_strain_PCC8801,Cyano_GC_09_LtqB_29Jun09_Draco_09-05-02,annotated,6420,65,199
Cyanothece_strain_PCC8801,Cyano_GC_08_11_14Jun09_Draco_09-05-03,msgfplus,118,0,3
Cyanothece_strain_PCC8801,Cyano_GC_08_11_14Jun09_Draco_09-05-03,annotated,119,0,3
Cyanothece_strain_PCC8801,Cyano_GC_08_23_16Jun09_Draco_09-05-02,msgfplus,0,0,0
Cyanothece_strain_PCC8801,Cyano_GC_08_23_16Jun09_Draco_09-05-02,annotated,0,0,0
Cyanothece_strain_PCC8801,Cyano_GC_08_20_16Jun09_Draco_09-05-03,msgfplus,22,0,0
Cyanothece_strain_PCC8801,Cyano_GC_08_20_16Jun09_Draco_09-05-03,annotated,22,0,0
Cyanothece_strain_PCC8801,Cyano_GC_08_12_14Jun09_Draco_09-05-04,msgfplus,925,7,7
Cyanothece_strain_PCC8801,Cyano_GC_08_12_14Jun09_Draco_09-05-04,annotated,925,7,8
Dehalococcoides_ethenogenes,D_etheno_O2PSS_05_18_2Aug11_Cougar_11-01-19,msgfplus,1540,18,49
Dehalococcoides_ethenogenes,D_etheno_O2PSS_05_18_2Aug11_Cougar_11-01-19,annotated,1538,18,49
Dehalococcoides_ethenogenes,D_etheno_O2PSS_05_23_8Aug11_Cougar_11-05-27,msgfplus,1408,19,46
Dehalococcoides_ethenogenes,D_etheno_O2PSS_05_23_8Aug11_Cougar_11-05-27,annotated,1419,19,47
Dehalococcoides_ethenogenes,D_etheno_O2PSS_05_19_2Aug11_Cougar_10-09-53,msgfplus,1411,64,54
Dehalococcoides_ethenogenes,D_etheno_O2PSS_05_19_2Aug11_Cougar_10-09-53,annotated,1417,64,54
Dehalococcoides_ethenogenes,D_etheno_O2PSS_03_09_28Jul11_Cougar_11-01-19,msgfplus,989,12,40
Dehalococcoides_ethenogenes,D_etheno_O2PSS_03_09_28Jul11_Cougar_11-01-19,annotated,989,12,37
Dehalococcoides_ethenogenes,D_etheno_O2PSS_02_14_25Jul11_Cougar_11-05-27,msgfplus,1005,10,39
Dehalococcoides_ethenogenes,D_etheno_O2PSS_02_14_25Jul11_Cougar_11-05-27,annotated,1009,10,38
Dehalococcoides_ethenogenes,D_etheno_O2PSS_06_05_8Aug11_Cougar_11-01-17,msgfplus,1251,6,33
Dehalococcoides_ethenogenes,D_etheno_O2PSS_06_05_8Aug11_Cougar_11-01-17,annotated,1241,6,32
Dehalococcoides_ethenogenes,D_etheno_03_09_02Sep11_Tiger_11-07-58,msgfplus,2896,54,83
Dehalococcoides_ethenogenes,D_etheno_03_09_02Sep11_Tiger_11-07-58,annotated,2902,55,83
Dehalococcoides_ethenogenes,D_etheno_O2PSS_02_24_25Jul11_Cougar_11-01-19,msgfplus,1059,83,30
Dehalococcoides_ethenogenes,D_etheno_O2PSS_02_24_25Jul11_Cougar_11-01-19,annotated,1059,83,29
Dehalococcoides_ethenogenes,D_etheno_TMT_D2_acid_09_10Jun12_Tiger_12-05-05,msgfplus,57,2,7
Dehalococcoides_ethenogenes,D_etheno_TMT_D2_acid_09_10Jun12_Tiger_12-05-05,annotated,57,2,8
Dehalococcoides_ethenogenes,D_etheno_35_03_9Apr12_Earth_12-03-13,msgfplus,0,0,0
Dehalococcoides_ethenogenes,D_etheno_35_03_9Apr12_Earth_12-03-13,annotated,4,24,0
Enterobacter_cloacae_SCF1,E_ligno_SCF1_X_02_Run1_3Nov11_Earth_11-07-26,msgfplus,10363,37,256
Enterobacter_cloacae_SCF1,E_ligno_SCF1_X_02_Run1_3Nov11_Earth_11-07-26,annotated,10449,37,260
Enterobacter_cloacae_SCF1,E_Ligno_SCF1_L_sup_01_lipid_pos_26Sep12_Samwise_12-05-13,msgfplus,2,0,0
Enterobacter_cloacae_SCF1,E_Ligno_SCF1_L_sup_01_lipid_pos_26Sep12_Samwise_12-05-13,annotated,2,0,0
Enterobacter_cloacae_SCF1,E_Ligno_SCF1_X_sup_03_lipid_Neg_27Sep12_Samwise_12-05-13,msgfplus,0,0,0
Enterobacter_cloacae_SCF1,E_Ligno_SCF1_X_sup_03_lipid_Neg_27Sep12_Samwise_12-05-13,annotated,0,0,0
Enterobacter_cloacae_SCF1,E_ligno_SCF1_LX_pool_07_01Oct11_Lynx_11-09-28,msgfplus,8179,71,198
Enterobacter_cloacae_SCF1,E_ligno_SCF1_LX_pool_07_01Oct11_Lynx_11-09-28,annotated,8192,71,199
Enterobacter_cloacae_SCF1,E_ligno_SCF1_LX_pool_09_01Oct11_Lynx_11-09-28,msgfplus,7207,91,203
Enterobacter_cloacae_SCF1,E_ligno_SCF1_LX_pool_09_01Oct11_Lynx_11-09-28,annotated,7224,91,204
Enterobacter_cloacae_SCF1,E_ligno_SCF1_L_03_Run3_11Nov11_Earth_11-07-26,msgfplus,11621,61,340
Enterobacter_cloacae_SCF1,E_ligno_SCF1_L_03_Run3_11Nov11_Earth_11-07-26,annotated,11710,61,326
Enterobacter_cloacae_SCF1,E_ligno_SCF1_X_sup_03_Run1_13Jun12_Earth_12-04-17,msgfplus,9968,90,394
Enterobacter_cloacae_SCF1,E_ligno_SCF1_X_sup_03_Run1_13Jun12_Earth_12-04-17,annotated,9979,90,375
Enterobacter_cloacae_SCF1,E_ligno_SCF1_LX_pool_03_01Oct11_Lynx_11-09-28,msgfplus,377,5,14
Enterobacter_cloacae_SCF1,E_ligno_SCF1_LX_pool_03_01Oct11_Lynx_11-09-28,annotated,372,5,13
Enterobacter_cloacae_SCF1,E_ligno_SCF1_X_sup_02_Run1_14Jun12_Earth_12-04-17,msgfplus,5428,126,227
Enterobacter_cloacae_SCF1,E_ligno_SCF1_X_sup_02_Run1_14Jun12_Earth_12-04-17,annotated,5410,123,227
Enterobacter_cloacae_SCF1,E_Ligno_SCF1_L_sup_03_lipid_pos_26Sep12_Samwise_12-05-13,msgfplus,0,0,0
Enterobacter_cloacae_SCF1,E_Ligno_SCF1_L_sup_03_lipid_pos_26Sep12_Samwise_12-05-13,annotated,0,0,0
Fibrobacter_succinogenes_S85,F_succ_glu_p_09_30Apr12_Tiger_12-04-05,msgfplus,4394,179,146
Fibrobacter_succinogenes_S85,F_succ_glu_p_09_30Apr12_Tiger_12-04-05,annotated,4766,179,126
Fibrobacter_succinogenes_S85,Fibro_Gluc_M_NP1_20Mar12_Doc_12-02-12,msgfplus,66,10,2
Fibrobacter_succinogenes_S85,Fibro_Gluc_M_NP1_20Mar12_Doc_12-02-12,annotated,66,10,2
Fibrobacter_succinogenes_S85,Fibro_Av_M_NP1_B_20Mar12_Doc_12-02-12,msgfplus,390,202,25
Fibrobacter_succinogenes_S85,Fibro_Av_M_NP1_B_20Mar12_Doc_12-02-12,annotated,400,202,27
Fibrobacter_succinogenes_S85,F_succ_glu_p_06_30Apr12_Tiger_12-04-06,msgfplus,9050,97,229
Fibrobacter_succinogenes_S85,F_succ_glu_p_06_30Apr12_Tiger_12-04-06,annotated,9669,98,225
Fibrobacter_succinogenes_S85,F_succ_glu_p_04_30Apr12_Tiger_12-04-06,msgfplus,8362,18,176
Fibrobacter_succinogenes_S85,F_succ_glu_p_04_30Apr12_Tiger_12-04-06,annotated,8839,18,196
Fibrobacter_succinogenes_S85,F_succ_av_p_05_24Apr12_Tiger_12-04-05,msgfplus,11107,11,187
Fibrobacter_succinogenes_S85,F_succ_av_p_05_24Apr12_Tiger_12-04-05,annotated,11510,11,174
Fibrobacter_succinogenes_S85,Fibro_Av_P_2DABP3_20Mar12_Doc_12-02-15,msgfplus,3377,262,124
Fibrobacter_succinogenes_S85,Fibro_Av_P_2DABP3_20Mar12_Doc_12-02-15,annotated,3574,262,134
Fibrobacter_succinogenes_S85,F_succ_glu_m_06_28Apr12_Tiger_12-04-05,msgfplus,8424,201,169
Fibrobacter_succinogenes_S85,F_succ_glu_m_06_28Apr12_Tiger_12-04-05,annotated,8810,202,160
Fibrobacter_succinogenes_S85,F_succ_av_p_04_24Apr12_Tiger_12-04-06,msgfplus,8857,24,133
Fibrobacter_succinogenes_S85,F_succ_av_p_04_24Apr12_Tiger_12-04-06,annotated,9255,24,138
Fibrobacter_succinogenes_S85,F_succ_glu_m_04_28Apr12_Tiger_12-04-05,msgfplus,9535,21,212
Fibrobacter_succinogenes_S85,F_succ_glu_m_04_28Apr12_Tiger_12-04-05,annotated,10107,21,202
Geobacter_bemidjiensis_Bem_T,Rifle_2010_GW_cd01_06_15__b_09Aug11_Lynx_11-06-24,msgfplus,2677,10,79
Geobacter_bemidjiensis_Bem_T,Rifle_2010_GW_cd01_06_15__b_09Aug11_Lynx_11-06-24,annotated,2665,10,80
Geobacter_bemidjiensis_Bem_T,Gbem_memsol_008_Block2_6Jul12_Falcon_12-06-02,msgfplus,5212,16,201
Geobacter_bemidjiensis_Bem_T,Gbem_memsol_008_Block2_6Jul12_Falcon_12-06-02,annotated,5207,16,204
Geobacter_bemidjiensis_Bem_T,Gbem_Bulk_1_2__block2_9Mar12_Doc_12-02-20,msgfplus,1816,12,181
Geobacter_bemidjiensis_Bem_T,Gbem_Bulk_1_2__block2_9Mar12_Doc_12-02-20,annotated,1811,13,176
Geobacter_bemidjiensis_Bem_T,Rifle_2010_GW_cd01_04_05__b_03Aug11_Lynx_11-02-05,msgfplus,49,0,0
Geobacter_bemidjiensis_Bem_T,Rifle_2010_GW_cd01_04_05__b_03Aug11_Lynx_11-02-05,annotated,49,0,0
Geobacter_bemidjiensis_Bem_T,Rifle_2010_GW_CD01_07_05_21Jul11_Lynx_11-07-01,msgfplus,2750,12,79
Geobacter_bemidjiensis_Bem_T,Rifle_2010_GW_CD01_07_05_21Jul11_Lynx_11-07-01,annotated,2746,12,77
Geobacter_bemidjiensis_Bem_T,Rifle_2011_GW_03_12_10Jul12_Tiger_12-05-06,msgfplus,51,21,0
Geobacter_bemidjiensis_Bem_T,Rifle_2011_GW_03_12_10Jul12_Tiger_12-05-06,annotated,51,21,0
Geobacter_bemidjiensis_Bem_T,Gbem_memsol_025__block1_rr_3Jul12_Falcon_12-06-02,msgfplus,8517,45,270
Geobacter_bemidjiensis_Bem_T,Gbem_memsol_025__block1_rr_3Jul12_Falcon_12-06-02,annotated,8493,45,269
Geobacter_bemidjiensis_Bem_T,Rifle_2010_GW_CD01_12_14_13Jul11_Lynx_11-07-02,msgfplus,0,0,0
Geobacter_bemidjiensis_Bem_T,Rifle_2010_GW_CD01_12_14_13Jul11_Lynx_11-07-02,annotated,0,0,0
Geobacter_bemidjiensis_Bem_T,Rifle_2010_GW_CD01_13_07_13Jul11_Lynx_11-07-01,msgfplus,81,0,0
Geobacter_bemidjiensis_Bem_T,Rifle_2010_GW_CD01_13_07_13Jul11_Lynx_11-07-01,annotated,83,0,0
Geobacter_bemidjiensis_Bem_T,Rifle_2010_GW_CD01_05_04_07Jul11_Lynx_11-07-02,msgfplus,333,2,14
Geobacter_bemidjiensis_Bem_T,Rifle_2010_GW_CD01_05_04_07Jul11_Lynx_11-07-02,annotated,335,2,8
Geobacter_metallireducens_GS-15,gmet_insol_AIC_neg_FT1c_03Apr05_Pegasus_0305-01,msgfplus,1084,256,50
Geobacter_metallireducens_GS-15,gmet_insol_AIC_neg_FT1c_03Apr05_Pegasus_0305-01,annotated,1090,256,51
Geobacter_metallireducens_GS-15,gmet_insol_AIC_10_11_FT1a_04Apr05_Pegasus_0305-01,msgfplus,534,523,29
Geobacter_metallireducens_GS-15,gmet_insol_AIC_10_11_FT1a_04Apr05_Pegasus_0305-01,annotated,535,525,29
Geobacter_metallireducens_GS-15,gmet_insol_HIC_8_9_FT1b_03Apr05_Pegasus_0305-01,msgfplus,557,105,26
Geobacter_metallireducens_GS-15,gmet_insol_HIC_8_9_FT1b_03Apr05_Pegasus_0305-01,annotated,558,105,26
Geobacter_metallireducens_GS-15,gmet_insol_RAW_FT1a_01Apr05_Pegasus_0305-02,msgfplus,3293,99,114
Geobacter_metallireducens_GS-15,gmet_insol_RAW_FT1a_01Apr05_Pegasus_0305-02,annotated,3294,99,112
Geobacter_metallireducens_GS-15,gmet_sol_RAW_FT1b_14Apr05_Pegasus_0305-08,msgfplus,2815,41,121
Geobacter_metallireducens_GS-15,gmet_sol_RAW_FT1b_14Apr05_Pegasus_0305-08,annotated,2825,42,122
Geobacter_metallireducens_GS-15,gmet_insol_AIC_10_11_FT1b_04Apr05_Pegasus_0305-02,msgfplus,498,390,26
Geobacter_metallireducens_GS-15,gmet_insol_AIC_10_11_FT1b_04Apr05_Pegasus_0305-02,annotated,501,391,28
Geobacter_metallireducens_GS-15,gmet_insol_NIC_4_5_FT1b_04Apr05_Pegasus_0305-01,msgfplus,1050,162,50
Geobacter_metallireducens_GS-15,gmet_insol_NIC_4_5_FT1b_04Apr05_Pegasus_0305-01,annotated,1050,162,48
Geobacter_metallireducens_GS-15,gmet_sol_RAW_FT1c_14Apr05_Pegasus_0305-07,msgfplus,2758,31,115
Geobacter_metallireducens_GS-15,gmet_sol_RAW_FT1c_14Apr05_Pegasus_0305-07,annotated,2746,31,115
Geobacter_metallireducens_GS-15,gmet_insol_NIC_4_5_FT1a_04Apr05_Pegasus_0305-02,msgfplus,1004,159,43
Geobacter_metallireducens_GS-15,gmet_insol_NIC_4_5_FT1a_04Apr05_Pegasus_0305-02,annotated,1002,159,43
Geobacter_metallireducens_GS-15,gmet_insol_NIC_15_16_FT1b_04Apr05_Pegasus_0305-02,msgfplus,1472,69,53
Geobacter_metallireducens_GS-15,gmet_insol_NIC_15_16_FT1b_04Apr05_Pegasus_0305-02,annotated,1476,69,58
Halorhabdus_utahensis_DSM_12940,JGI_12940_02_24_22Aug08_Raptor_08-05-17,msgfplus,1435,4,81
Halorhabdus_utahensis_DSM_12940,JGI_12940_02_24_22Aug08_Raptor_08-05-17,annotated,1441,4,82
Halorhabdus_utahensis_DSM_12940,JGI_12940_02_18_25Aug08_Raptor_08-05-17,msgfplus,3019,2,140
Halorhabdus_utahensis_DSM_12940,JGI_12940_02_18_25Aug08_Raptor_08-05-17,annotated,3010,2,151
Halorhabdus_utahensis_DSM_12940,JGI_12940_03_16_25Aug08_Raptor_07-12-23,msgfplus,4052,275,89
Halorhabdus_utahensis_DSM_12940,JGI_12940_03_16_25Aug08_Raptor_07-12-23,annotated,4044,276,89
Halorhabdus_utahensis_DSM_12940,JGI_12940_02_11_22Aug08_Raptor_08-01-01,msgfplus,98,2,3
Halorhabdus_utahensis_DSM_12940,JGI_12940_02_11_22Aug08_Raptor_08-01-01,annotated,99,2,3
Halorhabdus_utahensis_DSM_12940,JGI_12940_02_13_22Aug08_Raptor_07-12-23,msgfplus,5533,1,190
Halorhabdus_utahensis_DSM_12940,JGI_12940_02_13_22Aug08_Raptor_07-12-23,annotated,5539,3,191
Halorhabdus_utahensis_DSM_12940,JGI_12940_02_17_22Aug08_Raptor_07-12-23,msgfplus,3735,7,133
Halorhabdus_utahensis_DSM_12940,JGI_12940_02_17_22Aug08_Raptor_07-12-23,annotated,3720,7,132
Halorhabdus_utahensis_DSM_12940,JGI_12940_03_05_25Aug08_Raptor_08-06-18,msgfplus,213,2,11
Halorhabdus_utahensis_DSM_12940,JGI_12940_03_05_25Aug08_Raptor_08-06-18,annotated,213,2,11
Halorhabdus_utahensis_DSM_12940,JGI_12940_02_21_22Aug08_Raptor_07-12-23,msgfplus,2024,3,68
Halorhabdus_utahensis_DSM_12940,JGI_12940_02_21_22Aug08_Raptor_07-12-23,annotated,2053,3,68
Halorhabdus_utahensis_DSM_12940,JGI_12940_03_01_25Aug08_Raptor_08-06-18,msgfplus,2680,0,96
Halorhabdus_utahensis_DSM_12940,JGI_12940_03_01_25Aug08_Raptor_08-06-18,annotated,2680,0,98
Halorhabdus_utahensis_DSM_12940,JGI_12940_02_15_22Aug08_Raptor_08-01-01,msgfplus,4767,19,192
Halorhabdus_utahensis_DSM_12940,JGI_12940_02_15_22Aug08_Raptor_08-01-01,annotated,4771,19,192
Kineococcus_radiotolerans_SRS30216,Kradi001_run3_18Aug08_Draco_08-07-15,msgfplus,9229,98,317
Kineococcus_radiotolerans_SRS30216,Kradi001_run3_18Aug08_Draco_08-07-15,annotated,9204,98,319
Kineococcus_radiotolerans_SRS30216,Kradi007_run3_14Aug08_Draco_08-07-15,msgfplus,9107,52,309
Kineococcus_radiotolerans_SRS30216,Kradi007_run3_14Aug08_Draco_08-07-15,annotated,9089,52,310
Kineococcus_radiotolerans_SRS30216,Kradi004_run1_5Aug08_Draco_08-07-15,msgfplus,8895,51,311
Kineococcus_radiotolerans_SRS30216,Kradi004_run1_5Aug08_Draco_08-07-15,annotated,8901,52,319
Kineococcus_radiotolerans_SRS30216,Kradi001_run2_14Aug08_Draco_08-07-15,msgfplus,9412,93,337
Kineococcus_radiotolerans_SRS30216,Kradi001_run2_14Aug08_Draco_08-07-15,annotated,9403,94,339
Kineococcus_radiotolerans_SRS30216,Kradi011_run3_14Aug08_Draco_08-07-15,msgfplus,9061,63,321
Kineococcus_radiotolerans_SRS30216,Kradi011_run3_14Aug08_Draco_08-07-15,annotated,9037,63,321
Kineococcus_radiotolerans_SRS30216,Kradi008_run1_5Aug08_Draco_08-07-15,msgfplus,9678,47,322
Kineococcus_radiotolerans_SRS30216,Kradi008_run1_5Aug08_Draco_08-07-15,annotated,9664,47,331
Kineococcus_radiotolerans_SRS30216,Kradi009_run3_18Aug08_Draco_08-07-15,msgfplus,9002,109,330
Kineococcus_radiotolerans_SRS30216,Kradi009_run3_18Aug08_Draco_08-07-15,annotated,8984,109,328
Kineococcus_radiotolerans_SRS30216,Kradi002_run3_18Aug08_Draco_08-07-15,msgfplus,9673,81,332
Kineococcus_radiotolerans_SRS30216,Kradi002_run3_18Aug08_Draco_08-07-15,annotated,9645,81,332
Kineococcus_radiotolerans_SRS30216,Kradi004_run3_14Aug08_Draco_08-07-15,msgfplus,8926,62,307
Kineococcus_radiotolerans_SRS30216,Kradi004_run3_14Aug08_Draco_08-07-15,annotated,8907,61,312
Kineococcus_radiotolerans_SRS30216,Kradi012_run2_13Aug08_Draco_08-07-15,msgfplus,9424,54,345
Kineococcus_radiotolerans_SRS30216,Kradi012_run2_13Aug08_Draco_08-07-15,annotated,9415,53,345
Kosmotoga_olearia_TBF_19-5-1,Sample_4065_iTRAQ,msgfplus,291,66,15
Kosmotoga_olearia_TBF_19-5-1,Sample_4065_iTRAQ,annotated,611,74,21
Kosmotoga_olearia_TBF_19-5-1,K_50_soluble_01,msgfplus,218,0,7
Kosmotoga_olearia_TBF_19-5-1,K_50_soluble_01,annotated,205,0,6
Kosmotoga_olearia_TBF_19-5-1,K_50_insoluble_intact_04212012,msgfplus,121,1,6
Kosmotoga_olearia_TBF_19-5-1,K_50_insoluble_intact_04212012,annotated,119,1,6
Kosmotoga_olearia_TBF_19-5-1,K_olearia_65C_Soluble-2_4Apr12_Jaguar_12-02-26,msgfplus,8585,57,259
Kosmotoga_olearia_TBF_19-5-1,K_olearia_65C_Soluble-2_4Apr12_Jaguar_12-02-26,annotated,8567,57,261
Kosmotoga_olearia_TBF_19-5-1,K_olearia_40C_Soluble-2_4Apr12_Jaguar_12-02-26,msgfplus,8032,40,241
Kosmotoga_olearia_TBF_19-5-1,K_olearia_40C_Soluble-2_4Apr12_Jaguar_12-02-26,annotated,8032,39,244
Kosmotoga_olearia_TBF_19-5-1,Sample_5065_iTRAQ,msgfplus,441,87,24
Kosmotoga_olearia_TBF_19-5-1,Sample_5065_iTRAQ,annotated,660,119,25
Kosmotoga_olearia_TBF_19-5-1,K_50_soluble_intact_04212012,msgfplus,195,3,11
Kosmotoga_olearia_TBF_19-5-1,K_50_soluble_intact_04212012,annotated,187,3,11
Kosmotoga_olearia_TBF_19-5-1,K_65_soluble_02,msgfplus,126,0,3
Kosmotoga_olearia_TBF_19-5-1,K_65_soluble_02,annotated,120,0,3
Kosmotoga_olearia_TBF_19-5-1,K_olearia_iTRAQ4_50a02May12_Legolas_11-07-64,msgfplus,366,34,17
Kosmotoga_olearia_TBF_19-5-1,K_olearia_iTRAQ4_50a02May12_Legolas_11-07-64,annotated,366,34,16
Kosmotoga_olearia_TBF_19-5-1,K_olearia_50C_Soluble-2_4Apr12_Jaguar_12-02-26,msgfplus,7505,29,238
Kosmotoga_olearia_TBF_19-5-1,K_olearia_50C_Soluble-2_4Apr12_Jaguar_12-02-26,annotated,7495,29,236
Pelagibacter_ubique_HTC1062,pubiq025_run1_23Dec06_OWL_06-12-04,msgfplus,4888,84,131
Pelagibacter_ubique_HTC1062,pubiq025_run1_23Dec06_OWL_06-12-04,annotated,4908,84,135
Pelagibacter_ubique_HTC1062,P_ubique_SL_01_run1_27Dec10_Falcon_10-12-06,msgfplus,9248,19,321
Pelagibacter_ubique_HTC1062,P_ubique_SL_01_run1_27Dec10_Falcon_10-12-06,annotated,9252,19,320
Pelagibacter_ubique_HTC1062,P_ubique_SL_25_run2_22Dec10_Falcon_10-11-07,msgfplus,7001,21,272
Pelagibacter_ubique_HTC1062,P_ubique_SL_25_run2_22Dec10_Falcon_10-11-07,annotated,7000,21,271
Pelagibacter_ubique_HTC1062,P_ubique_NL_07__Run1_14Jun11_Doc_11-04-06,msgfplus,7350,36,273
Pelagibacter_ubique_HTC1062,P_ubique_NL_07__Run1_14Jun11_Doc_11-04-06,annotated,7351,36,274
Pelagibacter_ubique_HTC1062,P_ubique_LD_01_Run3_17Sep11_Jaguar_11-06-26,msgfplus,7336,31,236
Pelagibacter_ubique_HTC1062,P_ubique_LD_01_Run3_17Sep11_Jaguar_11-06-26,annotated,7320,31,235
Pelagibacter_ubique_HTC1062,P_ubique_NL_02__Run2_14Jun11_Doc_11-02-10,msgfplus,7512,32,312
Pelagibacter_ubique_HTC1062,P_ubique_NL_02__Run2_14Jun11_Doc_11-02-10,annotated,7520,33,316
Pelagibacter_ubique_HTC1062,P_ubique_NL_12__Run3_14Jun11_Doc_11-04-06,msgfplus,8194,34,312
Pelagibacter_ubique_HTC1062,P_ubique_NL_12__Run3_14Jun11_Doc_11-04-06,annotated,8215,35,315
Pelagibacter_ubique_HTC1062,P_ubique_SL_21_Set2_1_11Apr11_Phoenix_11-02-53,msgfplus,5888,21,198
Pelagibacter_ubique_HTC1062,P_ubique_SL_21_Set2_1_11Apr11_Phoenix_11-02-53,annotated,5885,21,199
Pelagibacter_ubique_HTC1062,P_ubique_SL_18_Set2_2_5Apr11_Phoenix_11-02-56,msgfplus,6013,33,214
Pelagibacter_ubique_HTC1062,P_ubique_SL_18_Set2_2_5Apr11_Phoenix_11-02-56,annotated,6009,33,214
Pelagibacter_ubique_HTC1062,P_ubique_LD_15__Run1_2Nov11_Tiger_11-02-43,msgfplus,14933,100,450
Pelagibacter_ubique_HTC1062,P_ubique_LD_15__Run1_2Nov11_Tiger_11-02-43,annotated,14935,101,453
Pelobacter_carbinolicus_DSM_2380,Pcarb002_LTQFT_run3_23Sep05_Andro_0705-06,msgfplus,70,0,3
Pelobacter_carbinolicus_DSM_2380,Pcarb002_LTQFT_run3_23Sep05_Andro_0705-06,annotated,70,0,3
Pelobacter_carbinolicus_DSM_2380,Pcarb001_LTQFT_run1_23Sep05_Andro_0705-06,msgfplus,9,31,1
Pelobacter_carbinolicus_DSM_2380,Pcarb001_LTQFT_run1_23Sep05_Andro_0705-06,annotated,9,31,1
Pelobacter_carbinolicus_DSM_2380,Pcarb001_LTQFT_run2_23Sep05_Andro_0705-06,msgfplus,8,14,0
Pelobacter_carbinolicus_DSM_2380,Pcarb001_LTQFT_run2_23Sep05_Andro_0705-06,annotated,8,14,0
Pelobacter_carbinolicus_DSM_2380,Pcarb002_LTQFT_run1_23Sep05_Andro_0705-06,msgfplus,67,0,2
Pelobacter_carbinolicus_DSM_2380,Pcarb002_LTQFT_run1_23Sep05_Andro_0705-06,annotated,68,0,2
Pelobacter_carbinolicus_DSM_2380,Pcarb001_LTQFT_run3_23Sep05_Andro_0705-06,msgfplus,18,20,1
Pelobacter_carbinolicus_DSM_2380,Pcarb001_LTQFT_run3_23Sep05_Andro_0705-06,annotated,18,20,1
Pelobacter_carbinolicus_DSM_2380,Pcarb002_LTQFT_run2_23Sep05_Andro_0705-06,msgfplus,84,0,3
Pelobacter_carbinolicus_DSM_2380,Pcarb002_LTQFT_run2_23Sep05_Andro_0705-06,annotated,84,0,3
Prochlorococcus,Prochloro_23_OrbiA_24Mar09_Falcon_09-01-31,msgfplus,2960,88,108
Prochlorococcus,Prochloro_23_OrbiA_24Mar09_Falcon_09-01-31,annotated,3017,88,108
Prochlorococcus,Prochloro_19_OrbiB_20Mar09_Falcon_09-01-31,msgfplus,512,18,20
Prochlorococcus,Prochloro_19_OrbiB_20Mar09_Falcon_09-01-31,annotated,543,18,20
Prochlorococcus,Prochloro_26_OrbiB_24Mar09_Falcon_09-01-31,msgfplus,627,41,25
Prochlorococcus,Prochloro_26_OrbiB_24Mar09_Falcon_09-01-31,annotated,686,41,27
Prochlorococcus,Prochloro_22_OrbiA_24Mar09_Falcon_09-01-31,msgfplus,5906,35,207
Prochlorococcus,Prochloro_22_OrbiA_24Mar09_Falcon_09-01-31,annotated,5946,35,207
Prochlorococcus,Prochloro_27_OrbiB_27Mar09_Falcon_09-01-31,msgfplus,904,25,39
Prochlorococcus,Prochloro_27_OrbiB_27Mar09_Falcon_09-01-31,annotated,952,25,38
Prochlorococcus,Prochloro_24_OrbiA_24Mar09_Falcon_09-01-31,msgfplus,6235,32,187
Prochlorococcus,Prochloro_24_OrbiA_24Mar09_Falcon_09-01-31,annotated,6292,32,190
Prochlorococcus,Prochloro_28_OrbiA_27Mar09_Falcon_09-01-31,msgfplus,1995,54,72
Prochlorococcus,Prochloro_28_OrbiA_27Mar09_Falcon_09-01-31,annotated,2041,54,75
Prochlorococcus,Prochloro_24_OrbiB_24Mar09_Falcon_09-01-31,msgfplus,6312,35,183
Prochlorococcus,Prochloro_24_OrbiB_24Mar09_Falcon_09-01-31,annotated,6364,35,189
Prochlorococcus,Prochloro_10_orbiA_5Feb09_Sphinx_08-11-22,msgfplus,2436,83,160
Prochlorococcus,Prochloro_10_orbiA_5Feb09_Sphinx_08-11-22,annotated,2539,83,156
Prochlorococcus,Prochloro_18_orbiA_9Feb09_Sphinx_08-11-22,msgfplus,7058,154,207
Prochlorococcus,Prochloro_18_orbiA_9Feb09_Sphinx_08-11-22,annotated,7170,154,206
Rhodobacter_capsulatus_SB1003,LangBPhos_Rcap_I-5_c_20Aug10_Cougar_10-03-29,msgfplus,7633,200,274
Rhodobacter_capsulatus_SB1003,LangBPhos_Rcap_I-5_c_20Aug10_Cougar_10-03-29,annotated,7592,200,269
Rhodobacter_capsulatus_SB1003,R_cap_ctrA_02_Run4_16Nov11_Earth_11-07-28,msgfplus,14408,27,441
Rhodobacter_capsulatus_SB1003,R_cap_ctrA_02_Run4_16Nov11_Earth_11-07-28,annotated,14236,27,441
Rhodobacter_capsulatus_SB1003,LangBPhos_Rcap_I-4_a_20Aug10_Cougar_10-03-10,msgfplus,7446,216,271
Rhodobacter_capsulatus_SB1003,LangBPhos_Rcap_I-4_a_20Aug10_Cougar_10-03-10,annotated,7411,216,270
Rhodobacter_capsulatus_SB1003,LangBPhos_Rcap_S-4_c_28Jul10_Cougar_10-03-10,msgfplus,7091,204,288
Rhodobacter_capsulatus_SB1003,LangBPhos_Rcap_S-4_c_28Jul10_Cougar_10-03-10,annotated,7040,205,286
Rhodobacter_capsulatus_SB1003,R_cap_ctrA_01__Run1_16Nov11_Earth_11-07-25,msgfplus,13671,25,400
Rhodobacter_capsulatus_SB1003,R_cap_ctrA_01__Run1_16Nov11_Earth_11-07-25,annotated,13556,25,399
Rhodobacter_capsulatus_SB1003,LangBPhos_Rcap_S-2_c_28Jul10_Cougar_10-03-29,msgfplus,8517,204,305
Rhodobacter_capsulatus_SB1003,LangBPhos_Rcap_S-2_c_28Jul10_Cougar_10-03-29,annotated,8452,204,303
Rhodobacter_capsulatus_SB1003,R_cap_cckA_02_Run3_16Nov11_Earth_11-07-27,msgfplus,13421,40,472
Rhodobacter_capsulatus_SB1003,R_cap_cckA_02_Run3_16Nov11_Earth_11-07-27,annotated,13314,40,462
Rhodobacter_capsulatus_SB1003,R_cap_ctrA_03_Run3_16Nov11_Earth_11-07-27,msgfplus,14198,13,384
Rhodobacter_capsulatus_SB1003,R_cap_ctrA_03_Run3_16Nov11_Earth_11-07-27,annotated,14117,13,381
Rhodobacter_capsulatus_SB1003,LangBPhos_Rcap_G-6_c_14Jul10_Cougar_10-03-10,msgfplus,8541,138,302
Rhodobacter_capsulatus_SB1003,LangBPhos_Rcap_G-6_c_14Jul10_Cougar_10-03-10,annotated,8501,138,307
Rhodobacter_capsulatus_SB1003,R_cap_wt_01__Run1_22Nov11_Earth_11-07-25,msgfplus,13749,22,401
Rhodobacter_capsulatus_SB1003,R_cap_wt_01__Run1_22Nov11_Earth_11-07-25,annotated,13622,22,403
Shewanella_amazonensis_SB2B,Shew_parnell_amazon_02_rep2_27May08_Draco_08-04-11,msgfplus,8603,113,286
Shewanella_amazonensis_SB2B,Shew_parnell_amazon_02_rep2_27May08_Draco_08-04-11,annotated,8597,113,288
Shewanella_amazonensis_SB2B,Shew_parnell_amazon_03_set2_rep1_3Jul08_Draco_08-04-13,msgfplus,9779,171,331
Shewanella_amazonensis_SB2B,Shew_parnell_amazon_03_set2_rep1_3Jul08_Draco_08-04-13,annotated,9797,171,332
Shewanella_amazonensis_SB2B,Shew_parnell_amazon_03_set2_rep4_11Jul08_Draco_08-04-13,msgfplus,9853,163,322
Shewanella_amazonensis_SB2B,Shew_parnell_amazon_03_set2_rep4_11Jul08_Draco_08-04-13,annotated,9855,164,322
Shewanella_amazonensis_SB2B,Shew_parnell_amazon_03_set2_rep5_11Jul08_Draco_08-04-13,msgfplus,9904,163,326
Shewanella_amazonensis_SB2B,Shew_parnell_amazon_03_set2_rep5_11Jul08_Draco_08-04-13,annotated,9901,163,329
Shewanella_amazonensis_SB2B,Shew_parnell_amazon_02_rep1_2May08_Draco_08-02-11,msgfplus,7245,106,268
Shewanella_amazonensis_SB2B,Shew_parnell_amazon_02_rep1_2May08_Draco_08-02-11,annotated,7259,106,271
Shewanella_amazonensis_SB2B,Shew_parnell_amazon_05_set2_rep5_11Jul08_Draco_08-04-13,msgfplus,9702,141,305
Shewanella_amazonensis_SB2B,Shew_parnell_amazon_05_set2_rep5_11Jul08_Draco_08-04-13,annotated,9710,141,309
Shewanella_amazonensis_SB2B,SAmazonSB2B_2-LTQFT1_31Jul05_Andro_0505-08,msgfplus,5262,9,172
Shewanella_amazonensis_SB2B,SAmazonSB2B_2-LTQFT1_31Jul05_Andro_0505-08,annotated,5272,9,173
Shewanella_amazonensis_SB2B,Shew_parnell_amazon_03_rep3_2May08_Draco_08-02-11,msgfplus,6509,99,270
Shewanella_amazonensis_SB2B,Shew_parnell_amazon_03_rep3_2May08_Draco_08-02-11,annotated,6504,99,271
Shewanella_amazonensis_SB2B,Shew_parnell_amazon_05_set2_rep1_3Jul08_Draco_08-04-13,msgfplus,9405,131,340
Shewanella_amazonensis_SB2B,Shew_parnell_amazon_05_set2_rep1_3Jul08_Draco_08-04-13,annotated,9418,131,343
Shewanella_amazonensis_SB2B,Shew_parnell_amazon_04_set2_rep4_11Jul08_Draco_08-04-13,msgfplus,10029,122,331
Shewanella_amazonensis_SB2B,Shew_parnell_amazon_04_set2_rep4_11Jul08_Draco_08-04-13,annotated,10021,122,334
Shewanella_frigidimarina_NCIMB_400,SFrigNCIMB400_3-LTQFT2_09Aug05_Andro_0505-07,msgfplus,4242,31,81
Shewanella_frigidimarina_NCIMB_400,SFrigNCIMB400_3-LTQFT2_09Aug05_Andro_0505-07,annotated,4265,41,80
Shewanella_frigidimarina_NCIMB_400,SFrigNCIMB400_2-LTQFT1_30Jul05_Andro_0505-08,msgfplus,4809,14,156
Shewanella_frigidimarina_NCIMB_400,SFrigNCIMB400_2-LTQFT1_30Jul05_Andro_0505-08,annotated,4810,14,157
Shewanella_frigidimarina_NCIMB_400,SFrigNCIMB400_1-LTQFT1_26Jul05_Andro_0505-07,msgfplus,5297,26,170
Shewanella_frigidimarina_NCIMB_400,SFrigNCIMB400_1-LTQFT1_26Jul05_Andro_0505-07,annotated,5310,26,170
Shewanella_frigidimarina_NCIMB_400,SFrigNCIMB400_2-LTQFT2_30Jul05_Andro_0505-07,msgfplus,5044,13,169
Shewanella_frigidimarina_NCIMB_400,SFrigNCIMB400_2-LTQFT2_30Jul05_Andro_0505-07,annotated,5051,13,168
Shewanella_frigidimarina_NCIMB_400,SFrigNCIMB400_2-LTQFT3_30Jul05_Andro_0505-08,msgfplus,4850,11,165
Shewanella_frigidimarina_NCIMB_400,SFrigNCIMB400_2-LTQFT3_30Jul05_Andro_0505-08,annotated,4857,11,165
Shewanella_frigidimarina_NCIMB_400,SFrigNCIMB400_3-LTQFT3_09Aug05_Andro_0505-08,msgfplus,4759,16,80
Shewanella_frigidimarina_NCIMB_400,SFrigNCIMB400_3-LTQFT3_09Aug05_Andro_0505-08,annotated,4764,16,80
Shewanella_frigidimarina_NCIMB_400,SFrigNCIMB400_3-LTQFT1_09Aug05_Andro_0505-08,msgfplus,4838,20,73
Shewanella_frigidimarina_NCIMB_400,SFrigNCIMB400_3-LTQFT1_09Aug05_Andro_0505-08,annotated,4842,20,74
Shewanella_frigidimarina_NCIMB_400,SFrigNCIMB400_1-LTQFT2_26Jul05_Andro_0505-08,msgfplus,5208,15,168
Shewanella_frigidimarina_NCIMB_400,SFrigNCIMB400_1-LTQFT2_26Jul05_Andro_0505-08,annotated,5203,15,168
Shewanella_loihica_PV-4,S_PV_4_3-LTQFT2_09Aug05_Andro_0505-08,msgfplus,4635,12,112
Shewanella_loihica_PV-4,S_PV_4_3-LTQFT2_09Aug05_Andro_0505-08,annotated,4630,12,112
Shewanella_loihica_PV-4,S_PV_4_1-LTQFT1_26Jul05_Andro_0505-08,msgfplus,5221,13,174
Shewanella_loihica_PV-4,S_PV_4_1-LTQFT1_26Jul05_Andro_0505-08,annotated,5221,13,175
Shewanella_loihica_PV-4,S_PV_4_3-LTQFT1_09Aug05_Andro_0505-07,msgfplus,4531,18,105
Shewanella_loihica_PV-4,S_PV_4_3-LTQFT1_09Aug05_Andro_0505-07,annotated,4534,18,105
Shewanella_loihica_PV-4,S_PV_4_1-LTQFT2_26Jul05_Andro_0505-07,msgfplus,5225,15,167
Shewanella_loihica_PV-4,S_PV_4_1-LTQFT2_26Jul05_Andro_0505-07,annotated,5209,15,166
Shewanella_loihica_PV-4,S_PV_4_3-LTQFT3_09Aug05_Andro_0505-07,msgfplus,4900,17,98
Shewanella_loihica_PV-4,S_PV_4_3-LTQFT3_09Aug05_Andro_0505-07,annotated,4900,17,98
Shewanella_loihica_PV-4,S_PV_4_2-LTQFT3_30Jul05_Andro_0505-07,msgfplus,4928,11,158
Shewanella_loihica_PV-4,S_PV_4_2-LTQFT3_30Jul05_Andro_0505-07,annotated,4928,11,158
Shewanella_loihica_PV-4,S_PV_4_1-LTQFT3_26Jul05_Andro_0505-08,msgfplus,4987,8,166
Shewanella_loihica_PV-4,S_PV_4_1-LTQFT3_26Jul05_Andro_0505-08,annotated,4986,8,166
Shewanella_loihica_PV-4,S_PV_4_2-LTQFT1_30Jul05_Andro_0505-07,msgfplus,4778,10,157
Shewanella_loihica_PV-4,S_PV_4_2-LTQFT1_30Jul05_Andro_0505-07,annotated,4773,10,157
Shewanella_loihica_PV-4,S_PV_4_2-LTQFT2_30Jul05_Andro_0505-08,msgfplus,4680,13,158
Shewanella_loihica_PV-4,S_PV_4_2-LTQFT2_30Jul05_Andro_0505-08,annotated,4675,13,157
Sulfolobus_acidocaldarius_DSM_639,FSFA-241a_19Oct12_Earth_12-09-17,msgfplus,4486,26,167
Sulfolobus_acidocaldarius_DSM_639,FSFA-241a_19Oct12_Earth_12-09-17,annotated,9904,49,361
Sulfolobus_acidocaldarius_DSM_639,FSFA-238a_17Oct12_Earth_12-09-17-OK,msgfplus,1325,1,44
Sulfolobus_acidocaldarius_DSM_639,FSFA-238a_17Oct12_Earth_12-09-17-OK,annotated,8185,39,308
Sulfolobus_acidocaldarius_DSM_639,FSFA-248a_20Dec12_Cougar_12-12-01,msgfplus,3892,149,141
Sulfolobus_acidocaldarius_DSM_639,FSFA-248a_20Dec12_Cougar_12-12-01,annotated,3867,149,138
Sulfolobus_acidocaldarius_DSM_639,FSFA-237b_17Oct12_Earth_12-04-18,msgfplus,8242,63,293
Sulfolobus_acidocaldarius_DSM_639,FSFA-237b_17Oct12_Earth_12-04-18,annotated,10778,75,386
Sulfolobus_acidocaldarius_DSM_639,FSFA-240b_19Oct12_Earth_12-04-18,msgfplus,2627,16,103
Sulfolobus_acidocaldarius_DSM_639,FSFA-240b_19Oct12_Earth_12-04-18,annotated,7498,64,287
Sulfolobus_acidocaldarius_DSM_639,FSFA_274_CID_70E,msgfplus,33,1,1
Sulfolobus_acidocaldarius_DSM_639,FSFA_274_CID_70E,annotated,31,1,0
Sulfolobus_acidocaldarius_DSM_639,FSFA-239a_19Oct12_Earth_12-09-17,msgfplus,5064,23,175
Sulfolobus_acidocaldarius_DSM_639,FSFA-239a_19Oct12_Earth_12-09-17,annotated,9996,63,360
Sulfolobus_acidocaldarius_DSM_639,FSFA-247b_20Dec12_Cougar_12-12-02,msgfplus,3106,71,106
Sulfolobus_acidocaldarius_DSM_639,FSFA-247b_20Dec12_Cougar_12-12-02,annotated,3120,71,111
Sulfolobus_acidocaldarius_DSM_639,FSFA-241b_22Oct12_Earth_12-09-17,msgfplus,4568,12,163
Sulfolobus_acidocaldarius_DSM_639,FSFA-241b_22Oct12_Earth_12-09-17,annotated,9931,40,351
Sulfolobus_acidocaldarius_DSM_639,FSFA-239b_17Oct12_Earth_12-04-18,msgfplus,7685,50,275
Sulfolobus_acidocaldarius_DSM_639,FSFA-239b_17Oct12_Earth_12-04-18,annotated,9850,55,350
Synechococcus_sp_PCC7002,NS_7002_IAAABP_1_NS_7002_30Dec11_Doc_11-12-15,msgfplus,3,4,0
Synechococcus_sp_PCC7002,NS_7002_IAAABP_1_NS_7002_30Dec11_Doc_11-12-15,annotated,3,4,0
Synechococcus_sp_PCC7002,FSFA-081b_29Jul11_Doc_11-07-31,msgfplus,6227,335,216
Synechococcus_sp_PCC7002,FSFA-081b_29Jul11_Doc_11-07-31,annotated,6229,335,216
Synechococcus_sp_PCC7002,IS_7002_LLD_1_2Dec11_Doc_11-10-01,msgfplus,272,731,20
Synechococcus_sp_PCC7002,IS_7002_LLD_1_2Dec11_Doc_11-10-01,annotated,277,731,23
Synechococcus_sp_PCC7002,NS_7002_BR_Climit_1_1Feb12_Doc_11-12-19,msgfplus,1223,92,160
Synechococcus_sp_PCC7002,NS_7002_BR_Climit_1_1Feb12_Doc_11-12-19,annotated,1211,92,171
Synechococcus_sp_PCC7002,NS_7002_C_Globe_Climit_B_13Mar12_Doc_12-02-15,msgfplus,4577,21,151
Synechococcus_sp_PCC7002,NS_7002_C_Globe_Climit_B_13Mar12_Doc_12-02-15,annotated,4585,21,151
Synechococcus_sp_PCC7002,Mixed_subcell-29b_13Sep10_Falcon_09-11-16,msgfplus,4365,69,118
Synechococcus_sp_PCC7002,Mixed_subcell-29b_13Sep10_Falcon_09-11-16,annotated,4361,70,118
Synechococcus_sp_PCC7002,IS_7002_LLD_2_B_2Dec11_Doc_11-10-03,msgfplus,163,808,31
Synechococcus_sp_PCC7002,IS_7002_LLD_2_B_2Dec11_Doc_11-10-03,annotated,164,806,31
Synechococcus_sp_PCC7002,Cn_iod_IA1_14Jan11_Sphinx_10-11-03,msgfplus,4505,284,179
Synechococcus_sp_PCC7002,Cn_iod_IA1_14Jan11_Sphinx_10-11-03,annotated,4494,284,182
Synechococcus_sp_PCC7002,NCS_7002_IAA_Trx_IAAABP_3_15Jul12_Earth_12-04-17,msgfplus,6301,713,464
Synechococcus_sp_PCC7002,NCS_7002_IAA_Trx_IAAABP_3_15Jul12_Earth_12-04-17,annotated,6268,713,455
Synechococcus_sp_PCC7002,Syne_Stress_01_run2_20Feb09_Draco_09-01-05,msgfplus,7600,97,249
Synechococcus_sp_PCC7002,Syne_Stress_01_run2_20Feb09_Draco_09-01-05,annotated,7617,98,253
