Organism,Sample,Dataset,Instrument,Separation Type,Type,Acquisition Start,Acquisition End,Scan Count,Acq Length,param_num
Arthrobacter_sp_FB24,Arthro_008,Arthro_008-LTQFT2_04Oct05_Andro_0705-06,LTQ_FT1,LC-ISCO-Standard,HMS-MSn,10/4/2005 7:15 AM,10/4/2005 8:55 AM,14693,100,0
Arthrobacter_sp_FB24,Arthro_004,Arthro_004-LTQFT3_30Sep05_Andro_0705-07,LTQ_FT1,LC-ISCO-Standard,HMS-MSn,10/1/2005 11:25 AM,10/1/2005 1:05 PM,14582,100,0
Arthrobacter_sp_FB24,Arthro_010,Arthro_010-LTQFT1_04Oct05_Andro_0705-07,LTQ_FT1,LC-ISCO-Standard,HMS-MSn,10/4/2005 7:34 PM,10/4/2005 9:14 PM,13929,100,0
Arthrobacter_sp_FB24,Arthro_003,Arthro_003_LTQFT3_27Oct05_Griffin_05-09-04,LTQ_FT1,LC-ISCO-Standard,HMS-MSn,10/28/2005 10:53 AM,10/28/2005 12:33 PM,15610,100,0
Arthrobacter_sp_FB24,Arthro_012,Arthro_012-LTQFT2_05Oct05_Andro_0705-06,LTQ_FT1,LC-ISCO-Standard,HMS-MSn,10/5/2005 12:40 PM,10/5/2005 2:20 PM,14209,100,0
Arthrobacter_sp_FB24,Arthro_001,Arthro_001-LTQFT1_28Sep05_Andro_0705-06,LTQ_FT1,LC-ISCO-Standard,HMS-MSn,9/28/2005 7:43 AM,9/28/2005 9:23 AM,14120,100,0
Arthrobacter_sp_FB24,Arthro_006,Arthro_006-LTQFT3_30Sep05_Andro_0705-07,LTQ_FT1,LC-ISCO-Standard,HMS-MSn,10/2/2005 4:30 PM,10/2/2005 6:10 PM,14861,100,0
Arthrobacter_sp_FB24,Arthro_005,Arthro_005-LTQFT3_30Sep05_Andro_0705-07,LTQ_FT1,LC-ISCO-Standard,HMS-MSn,10/2/2005 1:49 AM,10/2/2005 3:29 AM,15360,100,0
Arthrobacter_sp_FB24,Arthro_001,Arthro_001-LTQFT2_28Sep05_Andro_0705-06,LTQ_FT1,LC-ISCO-Standard,HMS-MSn,9/28/2005 12:16 PM,9/28/2005 1:56 PM,13748,100,0
Arthrobacter_sp_FB24,Arthro_008,Arthro_008-LTQFT3_04Oct05_Andro_0705-07,LTQ_FT1,LC-ISCO-Standard,HMS-MSn,10/4/2005 9:40 AM,10/4/2005 11:20 AM,14860,100,0
Bartonella_henselae_Houston-1,Bhens_TM_01_IP_Total,Bhens_TM_01_total_111107165607,VOrbiETD02,LC-Waters-IntactProtein_200min,HMS-CID/ETD-HMSn,11/7/2011 4:56 PM,11/7/2011 10:46 PM,4539,350,1
Bartonella_henselae_Houston-1,Bhens_IM_02_IP_L30K,bhens_L30k_IM_02,VOrbiETD04,LC-Waters-IntactProtein_200min,HMS-HMSn,11/29/2011 12:52 AM,11/29/2011 7:02 AM,6686,370,1
Bartonella_henselae_Houston-1,Bhens_OM_01_07,Bhens_OM_01_07_18Sep12_Earth_12-04-15,VOrbi05,LC-ISCO-Formic_100minute,HMS-MSn,9/19/2012 7:33 AM,9/19/2012 9:12 AM,28543,99,0
Bartonella_henselae_Houston-1,Bhens_TM_02_IP_Total,Bhens_TM_02_total_111108123242,VOrbiETD02,LC-Waters-IntactProtein_200min,HMS-CID/ETD-HMSn,11/8/2011 12:32 PM,11/8/2011 6:22 PM,4512,350,1
Bartonella_henselae_Houston-1,Bhens_Cyt_02_13,Bhens_Cyt_02_13_Ahrens_07Oct11_Lynx_11-09-28,VOrbiETD03,LC-Agilent-2D-Formic,HMS-HCD-HMSn,10/8/2011 9:41 AM,10/8/2011 11:20 AM,7200,99,1
Bartonella_henselae_Houston-1,Bhens_OM_01_10,Bhens_OM_01_10_12Sep12_Earth_12-04-15,VOrbi05,LC-ISCO-Formic_100minute,HMS-MSn,9/13/2012 12:43 AM,9/13/2012 2:22 AM,26620,99,0
Bartonella_henselae_Houston-1,Bhens_OM_01_20,Bhens_OM_01_20_12Sep12_Earth_12-04-17,VOrbi05,LC-ISCO-Formic_100minute,HMS-MSn,9/14/2012 2:23 PM,9/14/2012 4:03 PM,26781,100,0
Bartonella_henselae_Houston-1,Bhens_OM_02_13,Bhens_OM_02_13_12Sep12_Earth_12-04-16,VOrbi05,LC-ISCO-Formic_100minute,HMS-MSn,9/13/2012 12:27 PM,9/13/2012 2:06 PM,28776,99,0
Bartonella_henselae_Houston-1,Bhens_IM_02_04,Bhens_IM_02_04_Ahrens_12Oct11_Lynx_11-08-11,VOrbiETD03,LC-Agilent-2D-Formic,HMS-HCD-HMSn,10/12/2011 5:37 PM,10/12/2011 7:16 PM,9180,99,1
Bartonella_henselae_Houston-1,Bhens_IM_02_08,Bhens_IM_02_08_Ahrens_12Oct11_Lynx_11-08-11,VOrbiETD03,LC-Agilent-2D-Formic,HMS-HCD-HMSn,10/13/2011 12:18 AM,10/13/2011 1:57 AM,8784,99,1
Cyanobacterium_synechocystis_PCC6803,HLP_TR2_01,HLP_TR2_01_3Oct12_Cougar_12-06-10,VOrbiETD02,LC-Agilent-Formic_100minute,HMS-MSn,10/4/2012 6:19 AM,10/4/2012 7:58 AM,31647,99,0
Cyanobacterium_synechocystis_PCC6803,HLP_Ana_InSl,HLP_Ana_InSl_10_21Jun12_Tiger_12-05-06,VOrbiETD03,LC-Agilent-2D-Formic,HMS-MSn,6/24/2012 11:34 AM,6/24/2012 1:13 PM,25082,99,0
Cyanobacterium_synechocystis_PCC6803,6803_totalCys1_pept,6803_totalCys1_pept_18Sep12_Earth_12-04-17,VOrbi05,LC-ISCO-Formic_100minute,HMS-HCD-HMSn,9/19/2012 4:05 AM,9/19/2012 5:45 AM,7250,100,1
Cyanobacterium_synechocystis_PCC6803,HLP_Ana_Sl,HLP_Ana_Sl_10_21Jun12_Tiger_12-05-06,VOrbiETD03,LC-Agilent-2D-Formic,HMS-MSn,6/23/2012 12:17 AM,6/23/2012 1:56 AM,27990,99,0
Cyanobacterium_synechocystis_PCC6803,HLP_TR2_11,HLP_TR2_11_5Oct12_Cougar_12-06-10,VOrbiETD02,LC-Agilent-Formic_100minute,HMS-MSn,10/5/2012 10:09 PM,10/5/2012 11:48 PM,26697,99,0
Cyanobacterium_synechocystis_PCC6803,HLP_Ana_InSl,HLP_Ana_InSl_12_21Jun12_Tiger_12-05-06,VOrbiETD03,LC-Agilent-2D-Formic,HMS-MSn,6/24/2012 3:50 PM,6/24/2012 5:29 PM,25091,99,0
Cyanobacterium_synechocystis_PCC6803,HLP_Oscar_Sl,HLP_Oscar_Sl_12_16Jun12_Tiger_12-05-06,VOrbiETD03,LC-Agilent-2D-Formic,HMS-MSn,6/18/2012 4:47 PM,6/18/2012 6:26 PM,26989,99,0
Cyanobacterium_synechocystis_PCC6803,HLP_Oscar_Gl,HLP_Oscar_Gl_4_16Jun12_Tiger_12-05-06,VOrbiETD03,LC-Agilent-2D-Formic,HMS-MSn,6/21/2012 12:11 AM,6/21/2012 1:50 AM,30347,99,0
Cyanobacterium_synechocystis_PCC6803,HLP_Oscar_InSl,HLP_Oscar_InSl_6_16Jun12_Tiger_12-05-06,VOrbiETD03,LC-Agilent-2D-Formic,HMS-MSn,6/19/2012 3:16 PM,6/19/2012 4:55 PM,25912,99,0
Cyanobacterium_synechocystis_PCC6803,HLP_TR2_18,HLP_TR2_18_5Oct12_Cougar_12-06-10-chk,VOrbiETD02,LC-Agilent-Formic_100minute,HMS-MSn,10/7/2012 2:11 AM,10/7/2012 3:50 AM,27135,99,0
Cyanothece_sp_ATCC51142,CTC_4_03s_O18_B_03,CTC_4_03s_O18_B_03_Orbi_15Aug07_Owl_07-04-15,LTQ_FT1,LC-ISCO-Standard,HMS-MSn,8/15/2007 2:25 PM,8/15/2007 4:05 PM,17119,100,0
Cyanothece_sp_ATCC51142,CTC_4_15s_O18_B_05,CTC_4_15s_O18_B_05_Orbi_23Aug07_Owl_07-06-07,LTQ_FT1,LC-ISCO-Standard,HMS-MSn,8/23/2007 11:37 PM,8/24/2007 1:17 AM,15640,100,0
Cyanothece_sp_ATCC51142,Mixed_subcell-26,Mixed_subcell-26c_27Aug10_Falcon_10-07-37,LTQ_Orb_2,LC-ISCO-Formic_100minute,HMS-MSn,8/28/2010 3:05 PM,8/28/2010 4:45 PM,15902,100,0
Cyanothece_sp_ATCC51142,CTC_4_06m_O18_01,CTC_4_06m_O18_01_LTQ_14Jul07_Owl_07-06-05,LTQ_FT1,LC-ISCO-Standard,HMS-MSn,7/15/2007 2:56 PM,7/15/2007 4:36 PM,17186,100,0
Cyanothece_sp_ATCC51142,QC_Cyano,47538_PlasPC_Pos_test_Roc_09-09-02,LTQ_Orb_3,LC-ISCO-Special,HMS-MSn,10/16/2009 3:01 AM,10/16/2009 4:40 AM,7343,99,0
Cyanothece_sp_ATCC51142,CTC_4_18s_O18_B_02,CTC_4_18s_O18_B_02_Orbi_09Aug07_Owl_07-04-13,LTQ_FT1,LC-ISCO-Standard,HMS-MSn,8/9/2007 6:32 AM,8/9/2007 8:12 AM,17251,100,0
Cyanothece_sp_ATCC51142,Cyanothece_Biohydrogen_Project,Cyano_Biohydrogen_A1_04_20Feb11_Doc_11-02-12,LTQ_Orb_1,LC-ISCO-Formic_100minute,HMS-MSn,2/21/2011 5:02 PM,2/21/2011 6:41 PM,18470,99,0
Cyanothece_sp_ATCC51142,CTC_6_01s,CTC_6_01_02_10Aug06_Draco_06-06-01,LTQ_FT1,LC-ISCO-Standard,HMS-MSn,8/11/2006 12:07 PM,8/11/2006 1:47 PM,15964,100,0
Cyanothece_sp_ATCC51142,Cyanothece_Biohydrogen_Project_C,Cyano_Biohydrogen_C1_01_3Feb11_Doc_10-09-52,LTQ_Orb_1,LC-ISCO-Formic_100minute,HMS-MSn,2/4/2011 3:50 AM,2/4/2011 5:29 AM,18324,99,0
Cyanothece_sp_ATCC51142,CTC_6_05s_08,CTC_6_05s_08_08Mar07_Phoenix_06-11-17,LTQ_FT1,LC-ISCO-Standard,HMS-MSn,3/9/2007 3:26 AM,3/9/2007 4:51 AM,7042,85,0
Cyanothece_strain_PCC7424,Cyano_GC_03_15,Cyano_GC_03_15_10Jun09_Draco_09-05-02,LTQ_Orb_1,LC-ISCO-Standard,HMS-MSn,6/11/2009 3:17 AM,6/11/2009 4:56 AM,17545,99,0
Cyanothece_strain_PCC7424,Cyano_GC_02_01,Cyano_GC_02_01_18Jul09_Draco_09-05-01,LTQ_Orb_1,LC-ISCO-Standard,HMS-MSn,7/18/2009 1:13 PM,7/18/2009 2:52 PM,16341,99,0
Cyanothece_strain_PCC7424,Cyano_GC_01_24,Cyano_GC_01_24_3Sep09_Draco_09-05-03,LTQ_Orb_1,LC-ISCO-Standard,HMS-MSn,9/4/2009 12:50 AM,9/4/2009 2:29 AM,15886,99,0
Cyanothece_strain_PCC7424,Cyano_GC_02_04,Cyano_GC_02_04_18Jul09_Draco_09-05-04,LTQ_Orb_1,LC-ISCO-Standard,HMS-MSn,7/18/2009 6:27 PM,7/18/2009 8:06 PM,16123,99,0
Cyanothece_strain_PCC7424,Cyano_GC_01_18,Cyano_GC_01_18_27Aug09_Draco_09-05-03,LTQ_Orb_1,LC-ISCO-Standard,HMS-MSn,8/28/2009 11:03 PM,8/29/2009 12:42 AM,15881,99,0
Cyanothece_strain_PCC7424,Cyano_GC_01_20,Cyano_GC_01_20_27Aug09_Draco_09-05-03,LTQ_Orb_1,LC-ISCO-Standard,HMS-MSn,8/29/2009 2:54 PM,8/29/2009 4:33 PM,15831,99,0
Cyanothece_strain_PCC7424,Cyano_GC_01_19,Cyano_GC_01_19_27Aug09_Draco_09-05-03,LTQ_Orb_1,LC-ISCO-Standard,HMS-MSn,8/29/2009 6:01 AM,8/29/2009 7:40 AM,15924,99,0
Cyanothece_strain_PCC7424,Cyano_GC_03_22,Cyano_GC_03_22_10Jun09_Draco_09-05-01,LTQ_Orb_1,LC-ISCO-Standard,HMS-MSn,6/11/2009 3:28 PM,6/11/2009 5:07 PM,15909,99,0
Cyanothece_strain_PCC7424,Cyano_GC_02_23,Cyano_GC_02_23_20Jul09_Draco_09-05-03,LTQ_Orb_1,LC-ISCO-Standard,HMS-MSn,7/20/2009 5:27 AM,7/20/2009 7:06 AM,15907,99,0
Cyanothece_strain_PCC7424,Cyano_GC_02,Cyano_GC_02_LtqB_1Jun09_Draco_09-05-02,LTQ_Orb_1,LC-ISCO-Standard,HMS-MSn,6/1/2009 3:45 AM,6/1/2009 5:24 AM,16000,99,0
Cyanothece_strain_PCC7425,Cyano_GC_05_08,Cyano_GC_05_08_4Jun09_Draco_09-05-04,LTQ_Orb_1,LC-ISCO-Standard,HMS-MSn,6/4/2009 9:58 AM,6/4/2009 11:37 AM,15941,99,0
Cyanothece_strain_PCC7425,Cyano_GC_04_04,Cyano_GC_04_04_12Aug09_Draco_09-05-02,LTQ_Orb_1,LC-ISCO-Standard,HMS-MSn,8/14/2009 4:43 AM,8/14/2009 6:22 AM,17487,99,0
Cyanothece_strain_PCC7425,Cyano_GC_06_10,Cyano_GC_06_10_25Jun09_Draco_09-05-04,LTQ_Orb_1,LC-ISCO-Standard,HMS-MSn,6/25/2009 5:29 PM,6/25/2009 7:08 PM,15982,99,0
Cyanothece_strain_PCC7425,Cyano_GC_04,Cyano_GC_04_LtqA_14Aug09_Draco_09-05-03,LTQ_Orb_1,LC-ISCO-Standard,HMS-MSn,8/15/2009 5:16 AM,8/15/2009 6:55 AM,17092,99,0
Cyanothece_strain_PCC7425,Cyano_GC_06_05,Cyano_GC_06_05_25Jun09_Draco_09-05-03,LTQ_Orb_1,LC-ISCO-Standard,HMS-MSn,6/25/2009 5:38 AM,6/25/2009 7:17 AM,16196,99,0
Cyanothece_strain_PCC7425,Cyano_GC_04_17,Cyano_GC_04_17_17Aug09_Draco_09-05-01,LTQ_Orb_1,LC-ISCO-Standard,HMS-MSn,8/18/2009 8:41 AM,8/18/2009 10:20 AM,16936,99,0
Cyanothece_strain_PCC7425,Cyano_GC_05_16,Cyano_GC_05_16_2Jun09_Draco_09-05-02,LTQ_Orb_1,LC-ISCO-Standard,HMS-MSn,6/2/2009 9:33 AM,6/2/2009 11:12 AM,19183,99,0
Cyanothece_strain_PCC7425,Cyano_GC_04_21,Cyano_GC_04_21_14Aug09_Draco_09-05-01,LTQ_Orb_1,LC-ISCO-Standard,HMS-MSn,8/14/2009 2:58 AM,8/14/2009 4:37 AM,16437,99,0
Cyanothece_strain_PCC7425,Cyano_GC_05_06,Cyano_GC_05_06_1Jun09_Draco_09-05-04,LTQ_Orb_1,LC-ISCO-Standard,HMS-MSn,6/1/2009 4:07 PM,6/1/2009 5:46 PM,19192,99,0
Cyanothece_strain_PCC7425,Cyano_GC_06_18,Cyano_GC_06_18_26Jun09_Draco_09-05-04,LTQ_Orb_1,LC-ISCO-Standard,HMS-MSn,6/26/2009 9:20 AM,6/26/2009 10:59 AM,16331,99,0
Cyanothece_strain_PCC7822,Cyano_GC_10,Cyano_GC_10_LtqA_21Aug09_Draco_09-05-01,LTQ_Orb_1,LC-ISCO-Standard,HMS-MSn,8/23/2009 11:27 PM,8/24/2009 1:06 AM,16005,99,0
Cyanothece_strain_PCC7822,Cyano_GC_12_23,Cyano_GC_12_23_19Aug09_Draco_09-05-01,LTQ_Orb_1,LC-ISCO-Standard,HMS-MSn,8/21/2009 9:55 AM,8/21/2009 11:34 AM,15601,99,0
Cyanothece_strain_PCC7822,Cyano_GC_10_05,Cyano_GC_10_05_21Aug09_Draco_09-05-01,LTQ_Orb_1,LC-ISCO-Standard,HMS-MSn,8/23/2009 7:35 AM,8/23/2009 9:14 AM,16090,99,0
Cyanothece_strain_PCC7822,Cyano_GC_11_16,Cyano_GC_11_16_19Jun09_Draco_09-05-04,LTQ_Orb_1,LC-ISCO-Standard,HMS-MSn,6/19/2009 5:08 AM,6/19/2009 6:47 AM,15817,99,0
Cyanothece_strain_PCC7822,Cyanothece_Biohydrogen_Project_B,Cyano_Biohydrogen_B1_02_9Feb11_Doc_11-02-11,LTQ_Orb_1,LC-ISCO-Formic_100minute,HMS-MSn,2/10/2011 6:04 AM,2/10/2011 7:43 AM,18340,99,0
Cyanothece_strain_PCC7822,Cyanothece_Biohydrogen_Project_B,Cyano_Biohydrogen_B1_1_3Mar11_Doc_11-02-09,LTQ_Orb_1,LC-ISCO-Formic_100minute,HMS-MSn,3/3/2011 10:19 AM,3/3/2011 11:58 AM,18028,99,0
Cyanothece_strain_PCC7822,Cyano_GC_11_15,Cyano_GC_11_15_19Jun09_Draco_09-05-03,LTQ_Orb_1,LC-ISCO-Standard,HMS-MSn,6/19/2009 3:23 AM,6/19/2009 5:02 AM,15988,99,0
Cyanothece_strain_PCC7822,Cyanothece_Biohydrogen_Project_B,Cyano_Biohydrogen_B7_04_3Mar11_Doc_11-02-12,LTQ_Orb_1,LC-ISCO-Formic_100minute,HMS-MSn,3/4/2011 1:29 AM,3/4/2011 3:08 AM,18112,99,0
Cyanothece_strain_PCC7822,Cyanothece_Biohydrogen_Project_B,Cyano_Biohydrogen_B1_01_3Feb11_Doc_10-12-07,LTQ_Orb_1,LC-ISCO-Formic_100minute,HMS-MSn,2/4/2011 2:06 AM,2/4/2011 3:45 AM,18630,99,0
Cyanothece_strain_PCC7822,Cyano_B_Pool_03,Cyano_B_Pool_03_4Feb11_Roc_10-09-26,VOrbiETD03,LC-Agilent-Formic_100minute,HMS-MSn,2/5/2011 1:21 AM,2/5/2011 3:00 AM,24534,99,0
Cyanothece_strain_PCC8801,Cyano_GC_07_08,Cyano_GC_07_08_25Aug09_Draco_09-05-02,LTQ_Orb_1,LC-ISCO-Standard,HMS-MSn,8/25/2009 10:34 PM,8/26/2009 12:13 AM,15882,99,0
Cyanothece_strain_PCC8801,Cyano_GC_07_07,Cyano_GC_07_07_25Aug09_Draco_09-05-02,LTQ_Orb_1,LC-ISCO-Standard,HMS-MSn,8/25/2009 3:36 PM,8/25/2009 5:15 PM,16032,99,0
Cyanothece_strain_PCC8801,Cyano_GC_09_16,Cyano_GC_09_16_28Jun09_Draco_09-05-02,LTQ_Orb_1,LC-ISCO-Standard,HMS-MSn,6/28/2009 10:29 AM,6/28/2009 12:08 PM,16615,99,0
Cyanothece_strain_PCC8801,Cyano_GC_09_04,Cyano_GC_09_04_27Jun09_Draco_09-05-02,LTQ_Orb_1,LC-ISCO-Standard,HMS-MSn,6/27/2009 11:39 AM,6/27/2009 1:18 PM,16140,99,0
Cyanothece_strain_PCC8801,Cyano_GC_08_05,Cyano_GC_08_05_31Aug09_Draco_09-05-01,LTQ_Orb_1,LC-ISCO-Standard,HMS-MSn,9/1/2009 4:06 PM,9/1/2009 5:45 PM,16023,99,0
Cyanothece_strain_PCC8801,Cyano_GC_09,Cyano_GC_09_LtqB_29Jun09_Draco_09-05-02,LTQ_Orb_1,LC-ISCO-Standard,HMS-MSn,6/29/2009 8:08 PM,6/29/2009 9:47 PM,16765,99,0
Cyanothece_strain_PCC8801,Cyano_GC_08_11,Cyano_GC_08_11_14Jun09_Draco_09-05-03,LTQ_Orb_1,LC-ISCO-Standard,HMS-MSn,6/14/2009 3:15 AM,6/14/2009 4:54 AM,15744,99,0
Cyanothece_strain_PCC8801,Cyano_GC_08_23,Cyano_GC_08_23_16Jun09_Draco_09-05-02,LTQ_Orb_1,LC-ISCO-Standard,HMS-MSn,6/16/2009 5:27 AM,6/16/2009 7:06 AM,18034,99,0
Cyanothece_strain_PCC8801,Cyano_GC_08_20,Cyano_GC_08_20_16Jun09_Draco_09-05-03,LTQ_Orb_1,LC-ISCO-Standard,HMS-MSn,6/16/2009 12:14 AM,6/16/2009 1:53 AM,18970,99,0
Cyanothece_strain_PCC8801,Cyano_GC_08_12,Cyano_GC_08_12_14Jun09_Draco_09-05-04,LTQ_Orb_1,LC-ISCO-Standard,HMS-MSn,6/14/2009 5:00 AM,6/14/2009 6:39 AM,15888,99,0
Dehalococcoides_ethenogenes,D_etheno_O2PSS_05_18,D_etheno_O2PSS_05_18_2Aug11_Cougar_11-01-19,LTQ_Orb_3,LC-Agilent-Formic_100minute,HMS-MSn,8/5/2011 2:31 AM,8/5/2011 4:10 AM,17595,99,0
Dehalococcoides_ethenogenes,D_etheno_O2PSS_05_23,D_etheno_O2PSS_05_23_8Aug11_Cougar_11-05-27,LTQ_Orb_3,LC-Agilent-Formic_100minute,HMS-MSn,8/8/2011 10:57 PM,8/9/2011 12:36 AM,17549,99,0
Dehalococcoides_ethenogenes,D_etheno_O2PSS_05_19,D_etheno_O2PSS_05_19_2Aug11_Cougar_10-09-53,LTQ_Orb_3,LC-Agilent-Formic_100minute,HMS-MSn,8/5/2011 1:27 PM,8/5/2011 3:06 PM,18063,99,0
Dehalococcoides_ethenogenes,D_etheno_O2PSS_03_09,D_etheno_O2PSS_03_09_28Jul11_Cougar_11-01-19,LTQ_Orb_3,LC-Agilent-Formic_100minute,HMS-MSn,7/29/2011 3:34 AM,7/29/2011 5:13 AM,17306,99,0
Dehalococcoides_ethenogenes,D_etheno_O2PSS_02_14,D_etheno_O2PSS_02_14_25Jul11_Cougar_11-05-27,LTQ_Orb_3,LC-Agilent-Formic_100minute,HMS-MSn,7/27/2011 2:16 AM,7/27/2011 3:55 AM,17355,99,0
Dehalococcoides_ethenogenes,D_etheno_O2PSS_06_05,D_etheno_O2PSS_06_05_8Aug11_Cougar_11-01-17,LTQ_Orb_3,LC-Agilent-Formic_100minute,HMS-MSn,8/9/2011 2:14 PM,8/9/2011 3:53 PM,17275,99,0
Dehalococcoides_ethenogenes,D_etheno_03_09,D_etheno_03_09_02Sep11_Tiger_11-07-58,VOrbiETD04,LC-Agilent-2D-Formic,HMS-MSn,9/3/2011 9:20 AM,9/3/2011 10:59 AM,26143,99,0
Dehalococcoides_ethenogenes,D_etheno_O2PSS_02_24,D_etheno_O2PSS_02_24_25Jul11_Cougar_11-01-19,LTQ_Orb_3,LC-Agilent-Formic_100minute,HMS-MSn,7/27/2011 6:56 PM,7/27/2011 8:35 PM,16746,99,0
Dehalococcoides_ethenogenes,D_etheno_TMT_D2_acid_09,D_etheno_TMT_D2_acid_09_10Jun12_Tiger_12-05-05,VOrbiETD03,LC-Agilent-2D-Formic,HMS-HCD-HMSn,6/11/2012 8:34 AM,6/11/2012 10:13 AM,10514,99,1
Dehalococcoides_ethenogenes,D_etheno_35_03,D_etheno_35_03_9Apr12_Earth_12-03-13,VOrbiETD01,LC-ISCO-Formic_100minute,HMS-MSn,4/10/2012 7:51 AM,4/10/2012 9:30 AM,31471,99,0
Enterobacter_cloacae_SCF1,E_ligno_SCF1_X_02,E_ligno_SCF1_X_02_Run1_3Nov11_Earth_11-07-26,VOrbi05,LC-ISCO-Formic_100minute,HMS-MSn,11/3/2011 6:23 PM,11/3/2011 8:02 PM,25806,99,0
Enterobacter_cloacae_SCF1,E_ligno_SCF1_L_sup_01,E_Ligno_SCF1_L_sup_01_lipid_pos_26Sep12_Samwise_12-05-13,VOrbiETD01,LC-Waters-Metabolomics_LipidSoluble,HMS-HCD-CID-MSn,9/26/2012 4:35 PM,9/26/2012 6:05 PM,8752,90,0
Enterobacter_cloacae_SCF1,E_ligno_SCF1_X_sup_03,E_Ligno_SCF1_X_sup_03_lipid_Neg_27Sep12_Samwise_12-05-13,VOrbiETD01,LC-Waters-Metabolomics_LipidSoluble,HMS-HCD-CID-MSn,9/29/2012 9:42 PM,9/29/2012 11:12 PM,8567,90,0
Enterobacter_cloacae_SCF1,E_ligno_SCF1_LX_pool_07,E_ligno_SCF1_LX_pool_07_01Oct11_Lynx_11-09-28,VOrbiETD03,LC-Agilent-2D-Formic,HMS-MSn,10/1/2011 7:20 PM,10/1/2011 8:58 PM,22157,98,0
Enterobacter_cloacae_SCF1,E_ligno_SCF1_LX_pool_09,E_ligno_SCF1_LX_pool_09_01Oct11_Lynx_11-09-28,VOrbiETD03,LC-Agilent-2D-Formic,HMS-MSn,10/1/2011 10:40 PM,10/2/2011 12:18 AM,21962,98,0
Enterobacter_cloacae_SCF1,E_ligno_SCF1_L_03,E_ligno_SCF1_L_03_Run3_11Nov11_Earth_11-07-26,VOrbi05,LC-ISCO-Formic_100minute,HMS-MSn,11/14/2011 1:17 AM,11/14/2011 2:56 AM,23342,99,0
Enterobacter_cloacae_SCF1,E_ligno_SCF1_X_sup_03,E_ligno_SCF1_X_sup_03_Run1_13Jun12_Earth_12-04-17,VOrbi05,LC-ISCO-Formic_100minute,HMS-MSn,6/14/2012 3:51 AM,6/14/2012 5:30 AM,28777,99,0
Enterobacter_cloacae_SCF1,E_ligno_SCF1_LX_pool_03,E_ligno_SCF1_LX_pool_03_01Oct11_Lynx_11-09-28,VOrbiETD03,LC-Agilent-2D-Formic,HMS-MSn,10/1/2011 12:40 PM,10/1/2011 2:18 PM,22286,98,0
Enterobacter_cloacae_SCF1,E_ligno_SCF1_X_sup_02,E_ligno_SCF1_X_sup_02_Run1_14Jun12_Earth_12-04-17,VOrbi05,LC-ISCO-Formic_100minute,HMS-MSn,6/14/2012 4:21 PM,6/14/2012 6:00 PM,26761,99,0
Enterobacter_cloacae_SCF1,E_ligno_SCF1_L_sup_03,E_Ligno_SCF1_L_sup_03_lipid_pos_26Sep12_Samwise_12-05-13,VOrbiETD01,LC-Waters-Metabolomics_LipidSoluble,HMS-HCD-CID-MSn,9/26/2012 9:04 PM,9/26/2012 10:34 PM,8344,90,0
Fibrobacter_succinogenes_S85,F_succ_glu_p_09,F_succ_glu_p_09_30Apr12_Tiger_12-04-05,VOrbiETD03,LC-Agilent-2D-Formic,HMS-MSn,5/1/2012 3:24 AM,5/1/2012 5:03 AM,27939,99,0
Fibrobacter_succinogenes_S85,Fibro_Gluc_M_NP1,Fibro_Gluc_M_NP1_20Mar12_Doc_12-02-12,LTQ_Orb_2,LC-ISCO-Formic_100minute,HMS-MSn,3/22/2012 4:07 PM,3/22/2012 5:46 PM,14265,99,0
Fibrobacter_succinogenes_S85,Fibro_Av_M_NP1_B,Fibro_Av_M_NP1_B_20Mar12_Doc_12-02-12,LTQ_Orb_2,LC-ISCO-Formic_100minute,HMS-MSn,3/25/2012 5:47 AM,3/25/2012 7:26 AM,14245,99,0
Fibrobacter_succinogenes_S85,F_succ_glu_p_06,F_succ_glu_p_06_30Apr12_Tiger_12-04-06,VOrbiETD03,LC-Agilent-2D-Formic,HMS-MSn,4/30/2012 9:00 PM,4/30/2012 10:39 PM,29698,99,0
Fibrobacter_succinogenes_S85,F_succ_glu_p_04,F_succ_glu_p_04_30Apr12_Tiger_12-04-06,VOrbiETD03,LC-Agilent-2D-Formic,HMS-MSn,4/30/2012 4:43 PM,4/30/2012 6:22 PM,27997,99,0
Fibrobacter_succinogenes_S85,F_succ_av_p_05,F_succ_av_p_05_24Apr12_Tiger_12-04-05,VOrbiETD03,LC-Agilent-2D-Formic,HMS-MSn,4/26/2012 4:50 PM,4/26/2012 6:29 PM,29484,99,0
Fibrobacter_succinogenes_S85,Fibro_Av_P_2DABP3,Fibro_Av_P_2DABP3_20Mar12_Doc_12-02-15,LTQ_Orb_2,LC-ISCO-Formic_100minute,HMS-MSn,3/23/2012 11:31 AM,3/23/2012 1:10 PM,14762,99,0
Fibrobacter_succinogenes_S85,F_succ_glu_m_06,F_succ_glu_m_06_28Apr12_Tiger_12-04-05,VOrbiETD03,LC-Agilent-2D-Formic,HMS-MSn,4/29/2012 11:03 AM,4/29/2012 12:42 PM,29929,99,0
Fibrobacter_succinogenes_S85,F_succ_av_p_04,F_succ_av_p_04_24Apr12_Tiger_12-04-06,VOrbiETD03,LC-Agilent-2D-Formic,HMS-MSn,4/26/2012 2:42 PM,4/26/2012 4:21 PM,28078,99,0
Fibrobacter_succinogenes_S85,F_succ_glu_m_04,F_succ_glu_m_04_28Apr12_Tiger_12-04-05,VOrbiETD03,LC-Agilent-2D-Formic,HMS-MSn,4/29/2012 6:47 AM,4/29/2012 8:26 AM,29893,99,0
Geobacter_bemidjiensis_Bem_T,Rifle_2010_GW_CD01_06_15,Rifle_2010_GW_cd01_06_15__b_09Aug11_Lynx_11-06-24,VOrbiETD03,LC-Agilent-2D-Formic,HMS-MSn,8/11/2011 12:37 PM,8/11/2011 2:15 PM,25300,98,0
Geobacter_bemidjiensis_Bem_T,Gbem_memsol_008,Gbem_memsol_008_Block2_6Jul12_Falcon_12-06-02,LTQ_Orb_2,LC-ISCO-Formic_100minute,HMS-MSn,7/6/2012 10:25 PM,7/7/2012 12:04 AM,16151,99,0
Geobacter_bemidjiensis_Bem_T,Gbem_Bulk_1_2,Gbem_Bulk_1_2__block2_9Mar12_Doc_12-02-20,LTQ_Orb_2,LC-ISCO-Formic_100minute,HMS-MSn,3/9/2012 5:54 PM,3/9/2012 7:33 PM,16049,99,0
Geobacter_bemidjiensis_Bem_T,Rifle_2010_GW_CD01_04_05,Rifle_2010_GW_cd01_04_05__b_03Aug11_Lynx_11-02-05,VOrbiETD03,LC-Agilent-2D-Formic,HMS-MSn,8/4/2011 2:29 AM,8/4/2011 4:07 AM,8225,98,0
Geobacter_bemidjiensis_Bem_T,Rifle_2010_GW_CD01_07_05,Rifle_2010_GW_CD01_07_05_21Jul11_Lynx_11-07-01,VOrbiETD03,LC-Agilent-2D-Formic,HMS-MSn,7/22/2011 5:39 AM,7/22/2011 7:17 AM,21349,98,0
Geobacter_bemidjiensis_Bem_T,Rifle_2011_GW_03_12,Rifle_2011_GW_03_12_10Jul12_Tiger_12-05-06,VOrbiETD03,LC-Waters-2D-Formic,HMS-MSn,7/12/2012 10:20 PM,7/12/2012 11:59 PM,23804,99,0
Geobacter_bemidjiensis_Bem_T,Gbem_memsol_025,Gbem_memsol_025__block1_rr_3Jul12_Falcon_12-06-02,LTQ_Orb_2,LC-ISCO-Formic_100minute,HMS-MSn,7/3/2012 6:33 PM,7/3/2012 8:12 PM,17798,99,0
Geobacter_bemidjiensis_Bem_T,Rifle_2010_GW_CD01_12_14,Rifle_2010_GW_CD01_12_14_13Jul11_Lynx_11-07-02,VOrbiETD03,LC-Agilent-2D-Formic,HMS-MSn,7/14/2011 3:50 PM,7/14/2011 5:28 PM,21827,98,0
Geobacter_bemidjiensis_Bem_T,Rifle_2010_GW_CD01_13_07,Rifle_2010_GW_CD01_13_07_13Jul11_Lynx_11-07-01,VOrbiETD03,LC-Agilent-2D-Formic,HMS-MSn,7/15/2011 7:07 AM,7/15/2011 8:45 AM,20826,98,0
Geobacter_bemidjiensis_Bem_T,Rifle_2010_GW_CD01_05_04,Rifle_2010_GW_CD01_05_04_07Jul11_Lynx_11-07-02,VOrbiETD03,LC-Agilent-2D-Formic,HMS-MSn,7/9/2011 5:29 PM,7/9/2011 7:07 PM,21093,98,0
Geobacter_metallireducens_GS-15,gmet_insol_AIC_neg,gmet_insol_AIC_neg_FT1c_03Apr05_Pegasus_0305-01,LTQ_FT1,LC-ISCO-Standard,HMS-MSn,4/4/2005 12:41 AM,4/4/2005 2:21 AM,11064,100,0
Geobacter_metallireducens_GS-15,gmet_insol_AIC_10-11,gmet_insol_AIC_10_11_FT1a_04Apr05_Pegasus_0305-01,LTQ_FT1,LC-ISCO-Standard,HMS-MSn,4/4/2005 4:04 PM,4/4/2005 5:44 PM,10341,100,0
Geobacter_metallireducens_GS-15,gmet_insol_HIC_8-9,gmet_insol_HIC_8_9_FT1b_03Apr05_Pegasus_0305-01,LTQ_FT1,LC-ISCO-Standard,HMS-MSn,4/4/2005 5:23 AM,4/4/2005 7:03 AM,9942,100,0
Geobacter_metallireducens_GS-15,gmet_insol_RAW,gmet_insol_RAW_FT1a_01Apr05_Pegasus_0305-02,LTQ_FT1,LC-ISCO-Standard,HMS-MSn,4/1/2005 6:01 PM,4/1/2005 7:41 PM,11646,100,0
Geobacter_metallireducens_GS-15,gmet_sol_RAW,gmet_sol_RAW_FT1b_14Apr05_Pegasus_0305-08,LTQ_FT1,LC-ISCO-Standard,HMS-MSn,4/14/2005 5:21 PM,4/14/2005 7:01 PM,12656,100,0
Geobacter_metallireducens_GS-15,gmet_insol_AIC_10-11,gmet_insol_AIC_10_11_FT1b_04Apr05_Pegasus_0305-02,LTQ_FT1,LC-ISCO-Standard,HMS-MSn,4/4/2005 6:25 PM,4/4/2005 8:05 PM,10177,100,0
Geobacter_metallireducens_GS-15,gmet_insol_NIC_4-5,gmet_insol_NIC_4_5_FT1b_04Apr05_Pegasus_0305-01,LTQ_FT1,LC-ISCO-Standard,HMS-MSn,4/5/2005 1:28 AM,4/5/2005 3:08 AM,11144,100,0
Geobacter_metallireducens_GS-15,gmet_sol_RAW,gmet_sol_RAW_FT1c_14Apr05_Pegasus_0305-07,LTQ_FT1,LC-ISCO-Standard,HMS-MSn,4/14/2005 7:45 PM,4/14/2005 9:25 PM,12669,100,0
Geobacter_metallireducens_GS-15,gmet_insol_NIC_4-5,gmet_insol_NIC_4_5_FT1a_04Apr05_Pegasus_0305-02,LTQ_FT1,LC-ISCO-Standard,HMS-MSn,4/4/2005 11:07 PM,4/5/2005 12:47 AM,10656,100,0
Geobacter_metallireducens_GS-15,gmet_insol_NIC_15-16,gmet_insol_NIC_15_16_FT1b_04Apr05_Pegasus_0305-02,LTQ_FT1,LC-ISCO-Standard,HMS-MSn,4/5/2005 8:44 AM,4/5/2005 10:24 AM,11290,100,0
Halorhabdus_utahensis_DSM_12940,JGI_12940_02_24,JGI_12940_02_24_22Aug08_Raptor_08-05-17,LTQ_ETD_1,LC-ISCO-Standard,MS-ETD-MSn,8/25/2008 12:19 PM,8/25/2008 1:58 PM,16719,99,2
Halorhabdus_utahensis_DSM_12940,JGI_12940_02_18,JGI_12940_02_18_25Aug08_Raptor_08-05-17,LTQ_ETD_1,LC-ISCO-Standard,MS-ETD-MSn,8/25/2008 7:29 PM,8/25/2008 9:09 PM,17275,100,2
Halorhabdus_utahensis_DSM_12940,JGI_12940_03_16,JGI_12940_03_16_25Aug08_Raptor_07-12-23,LTQ_ETD_1,LC-ISCO-Standard,MS-ETD-MSn,8/27/2008 4:51 AM,8/27/2008 6:30 AM,17198,99,2
Halorhabdus_utahensis_DSM_12940,JGI_12940_02_11,JGI_12940_02_11_22Aug08_Raptor_08-01-01,LTQ_ETD_1,LC-ISCO-Standard,MS-ETD-MSn,8/24/2008 12:44 PM,8/24/2008 2:24 PM,17011,100,2
Halorhabdus_utahensis_DSM_12940,JGI_12940_02_13,JGI_12940_02_13_22Aug08_Raptor_07-12-23,LTQ_ETD_1,LC-ISCO-Standard,MS-ETD-MSn,8/24/2008 4:03 PM,8/24/2008 5:43 PM,18177,100,2
Halorhabdus_utahensis_DSM_12940,JGI_12940_02_17,JGI_12940_02_17_22Aug08_Raptor_07-12-23,LTQ_ETD_1,LC-ISCO-Standard,MS-ETD-MSn,8/24/2008 10:46 PM,8/25/2008 12:25 AM,17605,99,2
Halorhabdus_utahensis_DSM_12940,JGI_12940_03_05,JGI_12940_03_05_25Aug08_Raptor_08-06-18,LTQ_ETD_1,LC-ISCO-Standard,MS-ETD-MSn,8/26/2008 5:34 AM,8/26/2008 7:13 AM,16967,99,2
Halorhabdus_utahensis_DSM_12940,JGI_12940_02_21,JGI_12940_02_21_22Aug08_Raptor_07-12-23,LTQ_ETD_1,LC-ISCO-Standard,MS-ETD-MSn,8/25/2008 7:16 AM,8/25/2008 8:56 AM,16912,100,2
Halorhabdus_utahensis_DSM_12940,JGI_12940_03_01,JGI_12940_03_01_25Aug08_Raptor_08-06-18,LTQ_ETD_1,LC-ISCO-Standard,MS-ETD-MSn,8/25/2008 10:50 PM,8/26/2008 12:30 AM,17429,100,2
Halorhabdus_utahensis_DSM_12940,JGI_12940_02_15,JGI_12940_02_15_22Aug08_Raptor_08-01-01,LTQ_ETD_1,LC-ISCO-Standard,MS-ETD-MSn,8/24/2008 7:24 PM,8/24/2008 9:04 PM,18188,100,2
Kineococcus_radiotolerans_SRS30216,Kradi001,Kradi001_run3_18Aug08_Draco_08-07-15,LTQ_Orb_2,LC-ISCO-Standard,HMS-MSn,8/19/2008 5:16 PM,8/19/2008 6:56 PM,17616,100,3
Kineococcus_radiotolerans_SRS30216,Kradi007,Kradi007_run3_14Aug08_Draco_08-07-15,LTQ_Orb_2,LC-ISCO-Standard,HMS-MSn,8/17/2008 8:00 PM,8/17/2008 9:40 PM,17628,100,3
Kineococcus_radiotolerans_SRS30216,Kradi004,Kradi004_run1_5Aug08_Draco_08-07-15,LTQ_Orb_2,LC-ISCO-Standard,HMS-MSn,8/6/2008 10:21 AM,8/6/2008 12:00 PM,17277,99,3
Kineococcus_radiotolerans_SRS30216,Kradi001,Kradi001_run2_14Aug08_Draco_08-07-15,LTQ_Orb_2,LC-ISCO-Standard,HMS-MSn,8/15/2008 3:15 AM,8/15/2008 4:55 AM,18112,100,3
Kineococcus_radiotolerans_SRS30216,Kradi011,Kradi011_run3_14Aug08_Draco_08-07-15,LTQ_Orb_2,LC-ISCO-Standard,HMS-MSn,8/16/2008 1:59 AM,8/16/2008 3:38 AM,17980,99,3
Kineococcus_radiotolerans_SRS30216,Kradi008,Kradi008_run1_5Aug08_Draco_08-07-15,LTQ_Orb_2,LC-ISCO-Standard,HMS-MSn,8/6/2008 3:25 AM,8/6/2008 5:05 AM,17625,100,3
Kineococcus_radiotolerans_SRS30216,Kradi009,Kradi009_run3_18Aug08_Draco_08-07-15,LTQ_Orb_2,LC-ISCO-Standard,HMS-MSn,8/19/2008 1:34 AM,8/19/2008 3:14 AM,17667,100,3
Kineococcus_radiotolerans_SRS30216,Kradi002,Kradi002_run3_18Aug08_Draco_08-07-15,LTQ_Orb_2,LC-ISCO-Standard,HMS-MSn,8/18/2008 9:47 AM,8/18/2008 11:27 AM,18214,100,3
Kineococcus_radiotolerans_SRS30216,Kradi004,Kradi004_run3_14Aug08_Draco_08-07-15,LTQ_Orb_2,LC-ISCO-Standard,HMS-MSn,8/16/2008 8:55 AM,8/16/2008 10:34 AM,17649,99,3
Kineococcus_radiotolerans_SRS30216,Kradi012,Kradi012_run2_13Aug08_Draco_08-07-15,LTQ_Orb_2,LC-ISCO-Standard,HMS-MSn,8/14/2008 2:00 AM,8/14/2008 3:39 AM,18083,99,3
Kosmotoga_olearia_TBF_19-5-1,K_olearia_iTRAQ4_40-65,Sample_4065_iTRAQ,VOrbiETD02,LC-Waters-Formic_4hr,HMS-HCD-HMSn,3/31/2012 11:41 AM,3/31/2012 8:51 PM,69430,550,4
Kosmotoga_olearia_TBF_19-5-1,K_olearia_50C_Soluble_Prot,K_50_soluble_01,VOrbiETD02,LC-Waters-IntactProtein_200min,HMS-ETD-HMSn,11/10/2011 1:54 PM,11/10/2011 7:45 PM,4688,351,1
Kosmotoga_olearia_TBF_19-5-1,K_olearia_50C_insoluble_Prot_prep2,K_50_insoluble_intact_04212012,VOrbiETD02,LC-Waters-IntactProtein_200min,HMS-HMSn,4/21/2012 4:15 PM,4/21/2012 8:45 PM,5792,270,1
Kosmotoga_olearia_TBF_19-5-1,K_olearia_65C_Soluble-2,K_olearia_65C_Soluble-2_4Apr12_Jaguar_12-02-26,LTQ_Orb_3,none,HMS-MSn,4/4/2012 11:51 PM,4/5/2012 1:30 AM,18846,99,0
Kosmotoga_olearia_TBF_19-5-1,K_olearia_40C_Soluble-2,K_olearia_40C_Soluble-2_4Apr12_Jaguar_12-02-26,LTQ_Orb_3,none,HMS-MSn,4/4/2012 3:36 PM,4/4/2012 5:15 PM,18692,99,0
Kosmotoga_olearia_TBF_19-5-1,K_olearia_iTRAQ4_50-65,Sample_5065_iTRAQ,VOrbiETD02,LC-Waters-Formic_4hr,HMS-HCD-HMSn,3/30/2012 10:59 PM,3/31/2012 8:09 AM,70131,550,4
Kosmotoga_olearia_TBF_19-5-1,K_olearia_50C_soluble_Prot_prep2,K_50_soluble_intact_04212012,VOrbiETD02,LC-Waters-IntactProtein_200min,HMS-HMSn,4/21/2012 11:16 AM,4/21/2012 3:46 PM,5974,270,1
Kosmotoga_olearia_TBF_19-5-1,K_olearia_65C_Soluble,K_65_soluble_02,VOrbiETD02,LC-Waters-IntactProtein_200min,HMS-ETD-HMSn,11/10/2011 10:16 PM,11/11/2011 4:06 AM,4259,350,1
Kosmotoga_olearia_TBF_19-5-1,K_olearia_iTRAQ4_50a,K_olearia_iTRAQ4_50a02May12_Legolas_11-07-64,VOrbiETD04,LC-Waters-Formic_5hr,HMS-HCD-HMSn,5/3/2012 2:11 PM,5/3/2012 7:11 PM,37353,300,4
Kosmotoga_olearia_TBF_19-5-1,K_olearia_50C_Soluble-2,K_olearia_50C_Soluble-2_4Apr12_Jaguar_12-02-26,LTQ_Orb_3,none,HMS-MSn,4/4/2012 8:04 PM,4/4/2012 9:43 PM,17965,99,0
Pelagibacter_ubique_HTC1062,Pubiq025,pubiq025_run1_23Dec06_OWL_06-12-04,LTQ_Orb_1,LC-ISCO-Standard,HMS-MSn,12/26/2006 12:04 PM,12/26/2006 1:44 PM,13262,100,0
Pelagibacter_ubique_HTC1062,P_ubique_SL_01,P_ubique_SL_01_run1_27Dec10_Falcon_10-12-06,LTQ_Orb_2,LC-ISCO-Formic_100minute,HMS-MSn,12/28/2010 12:15 PM,12/28/2010 1:54 PM,18183,99,0
Pelagibacter_ubique_HTC1062,P_ubique_SL_25,P_ubique_SL_25_run2_22Dec10_Falcon_10-11-07,LTQ_Orb_2,LC-ISCO-Formic_100minute,HMS-MSn,12/24/2010 4:20 PM,12/24/2010 6:00 PM,17916,100,0
Pelagibacter_ubique_HTC1062,P_ubique_NL_07,P_ubique_NL_07__Run1_14Jun11_Doc_11-04-06,LTQ_Orb_1,LC-ISCO-Formic_100minute,HMS-MSn,6/15/2011 10:22 PM,6/16/2011 12:01 AM,17509,99,0
Pelagibacter_ubique_HTC1062,P_ubique_LD_01,P_ubique_LD_01_Run3_17Sep11_Jaguar_11-06-26,VOrbiETD01,LC-Agilent-Formic_100minute,HMS-MSn,9/17/2011 6:16 PM,9/17/2011 7:55 PM,25091,99,0
Pelagibacter_ubique_HTC1062,P_ubique_NL_02,P_ubique_NL_02__Run2_14Jun11_Doc_11-02-10,LTQ_Orb_1,LC-ISCO-Formic_100minute,HMS-MSn,6/14/2011 6:29 PM,6/14/2011 8:08 PM,17408,99,0
Pelagibacter_ubique_HTC1062,P_ubique_NL_12,P_ubique_NL_12__Run3_14Jun11_Doc_11-04-06,LTQ_Orb_1,LC-ISCO-Formic_100minute,HMS-MSn,6/17/2011 8:15 AM,6/17/2011 9:54 AM,17576,99,0
Pelagibacter_ubique_HTC1062,P_ubique_SL_21,P_ubique_SL_21_Set2_1_11Apr11_Phoenix_11-02-53,VOrbiETD01,LC-ISCO-Formic_100minute,HMS-MSn,4/11/2011 1:29 PM,4/11/2011 3:08 PM,24684,99,0
Pelagibacter_ubique_HTC1062,P_ubique_SL_18,P_ubique_SL_18_Set2_2_5Apr11_Phoenix_11-02-56,VOrbiETD01,LC-ISCO-Formic_100minute,HMS-MSn,4/6/2011 6:31 PM,4/6/2011 8:10 PM,24068,99,0
Pelagibacter_ubique_HTC1062,P_ubique_LD_15,P_ubique_LD_15__Run1_2Nov11_Tiger_11-02-43,VOrbiETD03,LC-Agilent-Formic_100minute,HMS-MSn,11/3/2011 9:28 AM,11/3/2011 11:06 AM,30052,98,0
Pelobacter_carbinolicus_DSM_2380,Pcarb002,Pcarb002_LTQFT_run3_23Sep05_Andro_0705-06,LTQ_FT1,LC-ISCO-Standard,HMS-MSn,9/26/2005 4:55 AM,9/26/2005 6:35 AM,15313,100,0
Pelobacter_carbinolicus_DSM_2380,Pcarb001,Pcarb001_LTQFT_run1_23Sep05_Andro_0705-06,LTQ_FT1,LC-ISCO-Standard,HMS-MSn,9/25/2005 4:21 AM,9/25/2005 6:01 AM,17084,100,0
Pelobacter_carbinolicus_DSM_2380,Pcarb001,Pcarb001_LTQFT_run2_23Sep05_Andro_0705-06,LTQ_FT1,LC-ISCO-Standard,HMS-MSn,9/25/2005 9:26 AM,9/25/2005 11:06 AM,16723,100,0
Pelobacter_carbinolicus_DSM_2380,Pcarb002,Pcarb002_LTQFT_run1_23Sep05_Andro_0705-06,LTQ_FT1,LC-ISCO-Standard,HMS-MSn,9/25/2005 7:01 PM,9/25/2005 8:41 PM,13811,100,0
Pelobacter_carbinolicus_DSM_2380,Pcarb001,Pcarb001_LTQFT_run3_23Sep05_Andro_0705-06,LTQ_FT1,LC-ISCO-Standard,HMS-MSn,9/25/2005 2:14 PM,9/25/2005 3:54 PM,16071,100,0
Pelobacter_carbinolicus_DSM_2380,Pcarb002,Pcarb002_LTQFT_run2_23Sep05_Andro_0705-06,LTQ_FT1,LC-ISCO-Standard,HMS-MSn,9/25/2005 11:49 PM,9/26/2005 1:29 AM,15126,100,0
Prochlorococcus,Prochloro_23,Prochloro_23_OrbiA_24Mar09_Falcon_09-01-31,LTQ_Orb_2,LC-ISCO-Standard,HMS-MSn,3/25/2009 10:55 AM,3/25/2009 12:35 PM,15547,100,0
Prochlorococcus,Prochloro_19,Prochloro_19_OrbiB_20Mar09_Falcon_09-01-31,LTQ_Orb_2,LC-ISCO-Standard,HMS-MSn,3/22/2009 9:50 PM,3/22/2009 11:30 PM,17055,100,0
Prochlorococcus,Prochloro_26,Prochloro_26_OrbiB_24Mar09_Falcon_09-01-31,LTQ_Orb_2,LC-ISCO-Standard,HMS-MSn,3/27/2009 3:09 PM,3/27/2009 4:48 PM,16879,99,0
Prochlorococcus,Prochloro_22,Prochloro_22_OrbiA_24Mar09_Falcon_09-01-31,LTQ_Orb_2,LC-ISCO-Standard,HMS-MSn,3/24/2009 9:31 PM,3/24/2009 11:11 PM,16515,100,0
Prochlorococcus,Prochloro_27,Prochloro_27_OrbiB_27Mar09_Falcon_09-01-31,LTQ_Orb_2,LC-ISCO-Standard,HMS-MSn,3/28/2009 6:47 AM,3/28/2009 8:27 AM,16729,100,0
Prochlorococcus,Prochloro_24,Prochloro_24_OrbiA_24Mar09_Falcon_09-01-31,LTQ_Orb_2,LC-ISCO-Standard,HMS-MSn,3/26/2009 2:05 AM,3/26/2009 3:45 AM,15573,100,0
Prochlorococcus,Prochloro_28,Prochloro_28_OrbiA_27Mar09_Falcon_09-01-31,LTQ_Orb_2,LC-ISCO-Standard,HMS-MSn,3/28/2009 3:16 PM,3/28/2009 4:56 PM,16558,100,0
Prochlorococcus,Prochloro_24,Prochloro_24_OrbiB_24Mar09_Falcon_09-01-31,LTQ_Orb_2,LC-ISCO-Standard,HMS-MSn,3/26/2009 8:47 AM,3/26/2009 10:27 AM,15467,100,0
Prochlorococcus,Prochloro_10,Prochloro_10_orbiA_5Feb09_Sphinx_08-11-22,LTQ_Orb_3,LC-ISCO-Formic_100minute,HMS-MSn,2/6/2009 4:03 AM,2/6/2009 5:42 AM,18271,99,0
Prochlorococcus,Prochloro_18,Prochloro_18_orbiA_9Feb09_Sphinx_08-11-22,LTQ_Orb_3,LC-ISCO-Formic_100minute,HMS-MSn,2/10/2009 2:17 AM,2/10/2009 3:56 AM,18120,99,0
Rhodobacter_capsulatus_SB1003,LangBPhos_Rcap_I-5,LangBPhos_Rcap_I-5_c_20Aug10_Cougar_10-03-29,LTQ_Orb_1,LC-Agilent-Formic_100minute,HMS-MSn,8/23/2010 8:08 PM,8/23/2010 9:47 PM,19112,99,0
Rhodobacter_capsulatus_SB1003,R_cap_ctrA_02,R_cap_ctrA_02_Run4_16Nov11_Earth_11-07-28,VOrbi05,LC-ISCO-Formic_100minute,HMS-MSn,11/22/2011 9:31 AM,11/22/2011 11:10 AM,25036,99,0
Rhodobacter_capsulatus_SB1003,LangBPhos_Rcap_I-4,LangBPhos_Rcap_I-4_a_20Aug10_Cougar_10-03-10,LTQ_Orb_1,LC-Agilent-Formic_100minute,HMS-MSn,8/24/2010 1:08 AM,8/24/2010 2:47 AM,18987,99,0
Rhodobacter_capsulatus_SB1003,LangBPhos_Rcap_S-4,LangBPhos_Rcap_S-4_c_28Jul10_Cougar_10-03-10,LTQ_Orb_1,LC-Agilent-Formic_100minute,HMS-MSn,7/28/2010 7:18 PM,7/28/2010 8:57 PM,18582,99,0
Rhodobacter_capsulatus_SB1003,R_cap_ctrA_01,R_cap_ctrA_01__Run1_16Nov11_Earth_11-07-25,VOrbi05,LC-ISCO-Formic_100minute,HMS-MSn,11/21/2011 12:33 PM,11/21/2011 2:12 PM,24167,99,0
Rhodobacter_capsulatus_SB1003,LangBPhos_Rcap_S-2,LangBPhos_Rcap_S-2_c_28Jul10_Cougar_10-03-29,LTQ_Orb_1,LC-Agilent-Formic_100minute,HMS-MSn,7/28/2010 2:17 PM,7/28/2010 3:56 PM,19004,99,0
Rhodobacter_capsulatus_SB1003,R_cap_cckA_02,R_cap_cckA_02_Run3_16Nov11_Earth_11-07-27,VOrbi05,LC-ISCO-Formic_100minute,HMS-MSn,11/19/2011 8:32 PM,11/19/2011 10:11 PM,24585,99,0
Rhodobacter_capsulatus_SB1003,R_cap_ctrA_03,R_cap_ctrA_03_Run3_16Nov11_Earth_11-07-27,VOrbi05,LC-ISCO-Formic_100minute,HMS-MSn,11/20/2011 7:14 PM,11/20/2011 8:53 PM,24464,99,0
Rhodobacter_capsulatus_SB1003,LangBPhos_Rcap_G-6,LangBPhos_Rcap_G-6_c_14Jul10_Cougar_10-03-10,LTQ_Orb_1,LC-Agilent-Formic_100minute,HMS-MSn,7/16/2010 12:28 PM,7/16/2010 2:07 PM,15133,99,0
Rhodobacter_capsulatus_SB1003,R_cap_wt_01,R_cap_wt_01__Run1_22Nov11_Earth_11-07-25,VOrbi05,LC-ISCO-Formic_100minute,HMS-MSn,11/23/2011 2:01 PM,11/23/2011 3:40 PM,23518,99,0
Shewanella_amazonensis_SB2B,Shew_parnell_amazon_02,Shew_parnell_amazon_02_rep2_27May08_Draco_08-04-11,LTQ_Orb_2,LC-ISCO-Standard,HMS-MSn,5/29/2008 9:08 AM,5/29/2008 10:48 AM,17960,100,0
Shewanella_amazonensis_SB2B,Shew_parnell_amazon_03,Shew_parnell_amazon_03_set2_rep1_3Jul08_Draco_08-04-13,LTQ_Orb_2,LC-ISCO-Standard,HMS-MSn,7/5/2008 7:34 AM,7/5/2008 9:13 AM,17422,99,0
Shewanella_amazonensis_SB2B,Shew_parnell_amazon_03,Shew_parnell_amazon_03_set2_rep4_11Jul08_Draco_08-04-13,LTQ_Orb_2,LC-ISCO-Standard,HMS-MSn,7/12/2008 11:19 AM,7/12/2008 12:58 PM,17869,99,0
Shewanella_amazonensis_SB2B,Shew_parnell_amazon_03,Shew_parnell_amazon_03_set2_rep5_11Jul08_Draco_08-04-13,LTQ_Orb_2,LC-ISCO-Standard,HMS-MSn,7/13/2008 1:10 AM,7/13/2008 2:49 AM,17615,99,0
Shewanella_amazonensis_SB2B,Shew_parnell_amazon_02,Shew_parnell_amazon_02_rep1_2May08_Draco_08-02-11,LTQ_Orb_2,LC-ISCO-Standard,HMS-MSn,5/4/2008 8:07 AM,5/4/2008 9:47 AM,15876,100,0
Shewanella_amazonensis_SB2B,Shew_parnell_amazon_05,Shew_parnell_amazon_05_set2_rep5_11Jul08_Draco_08-04-13,LTQ_Orb_2,LC-ISCO-Standard,HMS-MSn,7/13/2008 4:56 PM,7/13/2008 6:36 PM,17684,100,0
Shewanella_amazonensis_SB2B,SAmazonSB2B_2,SAmazonSB2B_2-LTQFT1_31Jul05_Andro_0505-08,LTQ_FT1,LC-ISCO-Standard,HMS-MSn,7/31/2005 11:24 AM,7/31/2005 1:04 PM,11720,100,0
Shewanella_amazonensis_SB2B,Shew_parnell_amazon_03,Shew_parnell_amazon_03_rep3_2May08_Draco_08-02-11,LTQ_Orb_2,LC-ISCO-Standard,HMS-MSn,5/6/2008 1:24 PM,5/6/2008 3:04 PM,15685,100,0
Shewanella_amazonensis_SB2B,Shew_parnell_amazon_05,Shew_parnell_amazon_05_set2_rep1_3Jul08_Draco_08-04-13,LTQ_Orb_2,LC-ISCO-Standard,HMS-MSn,7/4/2008 5:42 PM,7/4/2008 7:22 PM,17508,100,0
Shewanella_amazonensis_SB2B,Shew_parnell_amazon_04,Shew_parnell_amazon_04_set2_rep4_11Jul08_Draco_08-04-13,LTQ_Orb_2,LC-ISCO-Standard,HMS-MSn,7/12/2008 2:28 AM,7/12/2008 4:07 AM,17746,99,0
Shewanella_frigidimarina_NCIMB_400,SFrigNCIMB400_3,SFrigNCIMB400_3-LTQFT2_09Aug05_Andro_0505-07,LTQ_FT1,LC-ISCO-Standard,HMS-MSn,8/10/2005 4:37 PM,8/10/2005 6:17 PM,14062,100,0
Shewanella_frigidimarina_NCIMB_400,SFrigNCIMB400_2,SFrigNCIMB400_2-LTQFT1_30Jul05_Andro_0505-08,LTQ_FT1,LC-ISCO-Standard,HMS-MSn,7/30/2005 6:30 AM,7/30/2005 8:10 AM,10813,100,0
Shewanella_frigidimarina_NCIMB_400,SFrigNCIMB400_1,SFrigNCIMB400_1-LTQFT1_26Jul05_Andro_0505-07,LTQ_FT1,LC-ISCO-Standard,HMS-MSn,7/26/2005 12:37 AM,7/26/2005 2:17 AM,11988,100,0
Shewanella_frigidimarina_NCIMB_400,SFrigNCIMB400_2,SFrigNCIMB400_2-LTQFT2_30Jul05_Andro_0505-07,LTQ_FT1,LC-ISCO-Standard,HMS-MSn,7/30/2005 8:53 AM,7/30/2005 10:33 AM,11279,100,0
Shewanella_frigidimarina_NCIMB_400,SFrigNCIMB400_2,SFrigNCIMB400_2-LTQFT3_30Jul05_Andro_0505-08,LTQ_FT1,LC-ISCO-Standard,HMS-MSn,7/30/2005 11:16 AM,7/30/2005 12:56 PM,10770,100,0
Shewanella_frigidimarina_NCIMB_400,SFrigNCIMB400_3,SFrigNCIMB400_3-LTQFT3_09Aug05_Andro_0505-08,LTQ_FT1,LC-ISCO-Standard,HMS-MSn,8/10/2005 7:01 PM,8/10/2005 8:41 PM,13547,100,0
Shewanella_frigidimarina_NCIMB_400,SFrigNCIMB400_3,SFrigNCIMB400_3-LTQFT1_09Aug05_Andro_0505-08,LTQ_FT1,LC-ISCO-Standard,HMS-MSn,8/10/2005 1:57 PM,8/10/2005 3:37 PM,13921,100,0
Shewanella_frigidimarina_NCIMB_400,SFrigNCIMB400_1,SFrigNCIMB400_1-LTQFT2_26Jul05_Andro_0505-08,LTQ_FT1,LC-ISCO-Standard,HMS-MSn,7/26/2005 3:00 AM,7/26/2005 4:40 AM,11281,100,0
Shewanella_loihica_PV-4,S_PV_4_3,S_PV_4_3-LTQFT2_09Aug05_Andro_0505-08,LTQ_FT1,LC-ISCO-Standard,HMS-MSn,8/10/2005 11:47 PM,8/11/2005 1:27 AM,13314,100,0
Shewanella_loihica_PV-4,S_PV_4_1,S_PV_4_1-LTQFT1_26Jul05_Andro_0505-08,LTQ_FT1,LC-ISCO-Standard,HMS-MSn,7/26/2005 7:46 AM,7/26/2005 9:26 AM,11432,100,0
Shewanella_loihica_PV-4,S_PV_4_3,S_PV_4_3-LTQFT1_09Aug05_Andro_0505-07,LTQ_FT1,LC-ISCO-Standard,HMS-MSn,8/10/2005 9:24 PM,8/10/2005 11:04 PM,13602,100,0
Shewanella_loihica_PV-4,S_PV_4_1,S_PV_4_1-LTQFT2_26Jul05_Andro_0505-07,LTQ_FT1,LC-ISCO-Standard,HMS-MSn,7/26/2005 10:10 AM,7/26/2005 11:50 AM,12010,100,0
Shewanella_loihica_PV-4,S_PV_4_3,S_PV_4_3-LTQFT3_09Aug05_Andro_0505-07,LTQ_FT1,LC-ISCO-Standard,HMS-MSn,8/11/2005 2:10 AM,8/11/2005 3:50 AM,13959,100,0
Shewanella_loihica_PV-4,S_PV_4_2,S_PV_4_2-LTQFT3_30Jul05_Andro_0505-07,LTQ_FT1,LC-ISCO-Standard,HMS-MSn,7/30/2005 6:25 PM,7/30/2005 8:05 PM,11088,100,0
Shewanella_loihica_PV-4,S_PV_4_1,S_PV_4_1-LTQFT3_26Jul05_Andro_0505-08,LTQ_FT1,LC-ISCO-Standard,HMS-MSn,7/26/2005 12:50 PM,7/26/2005 2:30 PM,11010,100,0
Shewanella_loihica_PV-4,S_PV_4_2,S_PV_4_2-LTQFT1_30Jul05_Andro_0505-07,LTQ_FT1,LC-ISCO-Standard,HMS-MSn,7/30/2005 1:39 PM,7/30/2005 3:19 PM,11110,100,0
Shewanella_loihica_PV-4,S_PV_4_2,S_PV_4_2-LTQFT2_30Jul05_Andro_0505-08,LTQ_FT1,LC-ISCO-Standard,HMS-MSn,7/30/2005 4:02 PM,7/30/2005 5:42 PM,10682,100,0
Sulfolobus_acidocaldarius_DSM_639,FSFA-241,FSFA-241a_19Oct12_Earth_12-09-17,VOrbi05,LC-ISCO-Formic_100minute,HMS-MSn,10/20/2012 11:46 PM,10/21/2012 1:25 AM,34045,99,0
Sulfolobus_acidocaldarius_DSM_639,FSFA-238,FSFA-238a_17Oct12_Earth_12-09-17-OK,VOrbi05,LC-ISCO-Formic_100minute,HMS-MSn,10/18/2012 1:10 PM,10/18/2012 2:49 PM,33990,99,0
Sulfolobus_acidocaldarius_DSM_639,FSFA-248,FSFA-248a_20Dec12_Cougar_12-12-01,VOrbiETD02,LC-Agilent-Formic_100minute,HMS-MSn,12/21/2012 1:01 PM,12/21/2012 2:40 PM,25619,99,0
Sulfolobus_acidocaldarius_DSM_639,FSFA-237,FSFA-237b_17Oct12_Earth_12-04-18,VOrbi05,LC-ISCO-Formic_100minute,HMS-MSn,10/18/2012 9:42 AM,10/18/2012 11:21 AM,33165,99,0
Sulfolobus_acidocaldarius_DSM_639,FSFA-240,FSFA-240b_19Oct12_Earth_12-04-18,VOrbi05,LC-ISCO-Formic_100minute,HMS-MSn,10/20/2012 1:22 PM,10/20/2012 3:01 PM,33770,99,0
Sulfolobus_acidocaldarius_DSM_639,FSFA-274,FSFA_274_CID_70E,VOrbiETD04,LC-Waters-IntactProtein_200min,HMS-HMSn,12/1/2012 1:44 PM,12/1/2012 7:34 PM,9647,350,1
Sulfolobus_acidocaldarius_DSM_639,FSFA-239,FSFA-239a_19Oct12_Earth_12-09-17,VOrbi05,LC-ISCO-Formic_100minute,HMS-MSn,10/20/2012 7:59 AM,10/20/2012 9:39 AM,33847,100,0
Sulfolobus_acidocaldarius_DSM_639,FSFA-247,FSFA-247b_20Dec12_Cougar_12-12-02,VOrbiETD02,LC-Agilent-Formic_100minute,HMS-MSn,12/21/2012 11:11 AM,12/21/2012 12:50 PM,25927,99,0
Sulfolobus_acidocaldarius_DSM_639,FSFA-241,FSFA-241b_22Oct12_Earth_12-09-17,VOrbi05,LC-ISCO-Formic_100minute,HMS-MSn,10/23/2012 1:40 PM,10/23/2012 3:20 PM,33473,100,0
Sulfolobus_acidocaldarius_DSM_639,FSFA-239,FSFA-239b_17Oct12_Earth_12-04-18,VOrbi05,LC-ISCO-Formic_100minute,HMS-MSn,10/19/2012 1:34 AM,10/19/2012 3:14 AM,33890,100,0
Synechococcus_sp_PCC7002,NS_7002_IAAABP_1,NS_7002_IAAABP_1_NS_7002_30Dec11_Doc_11-12-15,LTQ_Orb_2,LC-ISCO-Formic_100minute,HMS-MSn,12/31/2011 5:27 AM,12/31/2011 7:06 AM,16407,99,0
Synechococcus_sp_PCC7002,FSFA_081,FSFA-081b_29Jul11_Doc_11-07-31,LTQ_Orb_1,LC-ISCO-Formic_100minute,HMS-MSn,7/31/2011 3:35 PM,7/31/2011 5:14 PM,18794,99,0
Synechococcus_sp_PCC7002,IS_7002_LLD_1,IS_7002_LLD_1_2Dec11_Doc_11-10-01,LTQ_Orb_2,LC-ISCO-Formic_100minute,HMS-MSn,12/4/2011 6:34 AM,12/4/2011 8:13 AM,15533,99,0
Synechococcus_sp_PCC7002,NS_7002_BR_Climit_1,NS_7002_BR_Climit_1_1Feb12_Doc_11-12-19,LTQ_Orb_2,LC-ISCO-Formic_100minute,HMS-MSn,2/9/2012 1:18 PM,2/9/2012 2:57 PM,16306,99,3
Synechococcus_sp_PCC7002,NS_7002_C_Globe_Climit,NS_7002_C_Globe_Climit_B_13Mar12_Doc_12-02-15,LTQ_Orb_2,LC-ISCO-Formic_100minute,HMS-MSn,3/14/2012 5:57 AM,3/14/2012 7:36 AM,16744,99,0
Synechococcus_sp_PCC7002,Mixed_subcell-29,Mixed_subcell-29b_13Sep10_Falcon_09-11-16,LTQ_Orb_2,LC-ISCO-Formic_100minute,HMS-MSn,9/13/2010 8:17 PM,9/13/2010 9:57 PM,16739,100,0
Synechococcus_sp_PCC7002,IS_7002_LLD_2,IS_7002_LLD_2_B_2Dec11_Doc_11-10-03,LTQ_Orb_2,LC-ISCO-Formic_100minute,HMS-MSn,12/2/2011 9:20 PM,12/2/2011 10:59 PM,15845,99,0
Synechococcus_sp_PCC7002,Cn_iod_IA1,Cn_iod_IA1_14Jan11_Sphinx_10-11-03,LTQ_Orb_3,LC-ISCO-Formic_100minute,HMS-MSn,1/14/2011 11:53 PM,1/15/2011 1:32 AM,14956,99,0
Synechococcus_sp_PCC7002,NCS_7002_IAA_Trx_IAAABP_3,NCS_7002_IAA_Trx_IAAABP_3_15Jul12_Earth_12-04-17,VOrbi05,LC-ISCO-Formic_100minute,HMS-MSn,7/16/2012 4:03 AM,7/16/2012 5:43 AM,27643,100,0
Synechococcus_sp_PCC7002,Syne_Stress_01,Syne_Stress_01_run2_20Feb09_Draco_09-01-05,LTQ_Orb_1,LC-ISCO-Standard,HMS-MSn,2/23/2009 2:55 AM,2/23/2009 4:35 AM,18109,100,0
