Organism,Dataset,annotated
Arthrobacter_sp_FB24,Arthro_008-LTQFT2_04Oct05_Andro_0705-06,/home/mitsuki/out/altorf/proteome/sequence/Arthrobacter_sp_FB24/ID_004766_00042B62_annotated.ffmsgf
Arthrobacter_sp_FB24,Arthro_004-LTQFT3_30Sep05_Andro_0705-07,/home/mitsuki/out/altorf/proteome/sequence/Arthrobacter_sp_FB24/ID_004766_00042B62_annotated.ffmsgf
Arthrobacter_sp_FB24,Arthro_010-LTQFT1_04Oct05_Andro_0705-07,/home/mitsuki/out/altorf/proteome/sequence/Arthrobacter_sp_FB24/ID_004766_00042B62_annotated.ffmsgf
Arthrobacter_sp_FB24,Arthro_003_LTQFT3_27Oct05_Griffin_05-09-04,/home/mitsuki/out/altorf/proteome/sequence/Arthrobacter_sp_FB24/ID_004766_00042B62_annotated.ffmsgf
Arthrobacter_sp_FB24,Arthro_012-LTQFT2_05Oct05_Andro_0705-06,/home/mitsuki/out/altorf/proteome/sequence/Arthrobacter_sp_FB24/ID_004766_00042B62_annotated.ffmsgf
Arthrobacter_sp_FB24,Arthro_001-LTQFT1_28Sep05_Andro_0705-06,/home/mitsuki/out/altorf/proteome/sequence/Arthrobacter_sp_FB24/ID_004766_00042B62_annotated.ffmsgf
Arthrobacter_sp_FB24,Arthro_006-LTQFT3_30Sep05_Andro_0705-07,/home/mitsuki/out/altorf/proteome/sequence/Arthrobacter_sp_FB24/ID_004766_00042B62_annotated.ffmsgf
Arthrobacter_sp_FB24,Arthro_005-LTQFT3_30Sep05_Andro_0705-07,/home/mitsuki/out/altorf/proteome/sequence/Arthrobacter_sp_FB24/ID_004766_00042B62_annotated.ffmsgf
Arthrobacter_sp_FB24,Arthro_001-LTQFT2_28Sep05_Andro_0705-06,/home/mitsuki/out/altorf/proteome/sequence/Arthrobacter_sp_FB24/ID_004766_00042B62_annotated.ffmsgf
Arthrobacter_sp_FB24,Arthro_008-LTQFT3_04Oct05_Andro_0705-07,/home/mitsuki/out/altorf/proteome/sequence/Arthrobacter_sp_FB24/ID_004766_00042B62_annotated.ffmsgf
Bartonella_henselae_Houston-1,Bhens_TM_01_total_111107165607,/home/mitsuki/out/altorf/proteome/sequence/Bartonella_henselae_Houston-1/ID_004918_E1CAEFFA_annotated.ffmsgf
Bartonella_henselae_Houston-1,bhens_L30k_IM_02,/home/mitsuki/out/altorf/proteome/sequence/Bartonella_henselae_Houston-1/ID_004918_E1CAEFFA_annotated.ffmsgf
Bartonella_henselae_Houston-1,Bhens_OM_01_07_18Sep12_Earth_12-04-15,/home/mitsuki/out/altorf/proteome/sequence/Bartonella_henselae_Houston-1/ID_004918_E1CAEFFA_annotated.ffmsgf
Bartonella_henselae_Houston-1,Bhens_TM_02_total_111108123242,/home/mitsuki/out/altorf/proteome/sequence/Bartonella_henselae_Houston-1/ID_004918_E1CAEFFA_annotated.ffmsgf
Bartonella_henselae_Houston-1,Bhens_Cyt_02_13_Ahrens_07Oct11_Lynx_11-09-28,/home/mitsuki/out/altorf/proteome/sequence/Bartonella_henselae_Houston-1/ID_004918_E1CAEFFA_annotated.ffmsgf
Bartonella_henselae_Houston-1,Bhens_OM_01_10_12Sep12_Earth_12-04-15,/home/mitsuki/out/altorf/proteome/sequence/Bartonella_henselae_Houston-1/ID_004918_E1CAEFFA_annotated.ffmsgf
Bartonella_henselae_Houston-1,Bhens_OM_01_20_12Sep12_Earth_12-04-17,/home/mitsuki/out/altorf/proteome/sequence/Bartonella_henselae_Houston-1/ID_004918_E1CAEFFA_annotated.ffmsgf
Bartonella_henselae_Houston-1,Bhens_OM_02_13_12Sep12_Earth_12-04-16,/home/mitsuki/out/altorf/proteome/sequence/Bartonella_henselae_Houston-1/ID_004918_E1CAEFFA_annotated.ffmsgf
Bartonella_henselae_Houston-1,Bhens_IM_02_04_Ahrens_12Oct11_Lynx_11-08-11,/home/mitsuki/out/altorf/proteome/sequence/Bartonella_henselae_Houston-1/ID_004918_E1CAEFFA_annotated.ffmsgf
Bartonella_henselae_Houston-1,Bhens_IM_02_08_Ahrens_12Oct11_Lynx_11-08-11,/home/mitsuki/out/altorf/proteome/sequence/Bartonella_henselae_Houston-1/ID_004918_E1CAEFFA_annotated.ffmsgf
Cyanobacterium_synechocystis_PCC6803,HLP_TR2_01_3Oct12_Cougar_12-06-10,/home/mitsuki/out/altorf/proteome/sequence/Cyanobacterium_synechocystis_PCC6803/ID_004989_35AB6BFE_annotated.ffmsgf
Cyanobacterium_synechocystis_PCC6803,HLP_Ana_InSl_10_21Jun12_Tiger_12-05-06,/home/mitsuki/out/altorf/proteome/sequence/Cyanobacterium_synechocystis_PCC6803/ID_004989_35AB6BFE_annotated.ffmsgf
Cyanobacterium_synechocystis_PCC6803,6803_totalCys1_pept_18Sep12_Earth_12-04-17,/home/mitsuki/out/altorf/proteome/sequence/Cyanobacterium_synechocystis_PCC6803/ID_004989_35AB6BFE_annotated.ffmsgf
Cyanobacterium_synechocystis_PCC6803,HLP_Ana_Sl_10_21Jun12_Tiger_12-05-06,/home/mitsuki/out/altorf/proteome/sequence/Cyanobacterium_synechocystis_PCC6803/ID_004989_35AB6BFE_annotated.ffmsgf
Cyanobacterium_synechocystis_PCC6803,HLP_TR2_11_5Oct12_Cougar_12-06-10,/home/mitsuki/out/altorf/proteome/sequence/Cyanobacterium_synechocystis_PCC6803/ID_004989_35AB6BFE_annotated.ffmsgf
Cyanobacterium_synechocystis_PCC6803,HLP_Ana_InSl_12_21Jun12_Tiger_12-05-06,/home/mitsuki/out/altorf/proteome/sequence/Cyanobacterium_synechocystis_PCC6803/ID_004989_35AB6BFE_annotated.ffmsgf
Cyanobacterium_synechocystis_PCC6803,HLP_Oscar_Sl_12_16Jun12_Tiger_12-05-06,/home/mitsuki/out/altorf/proteome/sequence/Cyanobacterium_synechocystis_PCC6803/ID_004989_35AB6BFE_annotated.ffmsgf
Cyanobacterium_synechocystis_PCC6803,HLP_Oscar_Gl_4_16Jun12_Tiger_12-05-06,/home/mitsuki/out/altorf/proteome/sequence/Cyanobacterium_synechocystis_PCC6803/ID_004989_35AB6BFE_annotated.ffmsgf
Cyanobacterium_synechocystis_PCC6803,HLP_Oscar_InSl_6_16Jun12_Tiger_12-05-06,/home/mitsuki/out/altorf/proteome/sequence/Cyanobacterium_synechocystis_PCC6803/ID_004989_35AB6BFE_annotated.ffmsgf
Cyanobacterium_synechocystis_PCC6803,HLP_TR2_18_5Oct12_Cougar_12-06-10-chk,/home/mitsuki/out/altorf/proteome/sequence/Cyanobacterium_synechocystis_PCC6803/ID_004989_35AB6BFE_annotated.ffmsgf
Cyanothece_sp_ATCC51142,CTC_4_03s_O18_B_03_Orbi_15Aug07_Owl_07-04-15,/home/mitsuki/out/altorf/proteome/sequence/Cyanothece_sp_ATCC51142/ID_004954_44825719_annotated.ffmsgf
Cyanothece_sp_ATCC51142,CTC_4_15s_O18_B_05_Orbi_23Aug07_Owl_07-06-07,/home/mitsuki/out/altorf/proteome/sequence/Cyanothece_sp_ATCC51142/ID_004954_44825719_annotated.ffmsgf
Cyanothece_sp_ATCC51142,Mixed_subcell-26c_27Aug10_Falcon_10-07-37,/home/mitsuki/out/altorf/proteome/sequence/Cyanothece_sp_ATCC51142/ID_004954_44825719_annotated.ffmsgf
Cyanothece_sp_ATCC51142,CTC_4_06m_O18_01_LTQ_14Jul07_Owl_07-06-05,/home/mitsuki/out/altorf/proteome/sequence/Cyanothece_sp_ATCC51142/ID_004954_44825719_annotated.ffmsgf
Cyanothece_sp_ATCC51142,47538_PlasPC_Pos_test_Roc_09-09-02,/home/mitsuki/out/altorf/proteome/sequence/Cyanothece_sp_ATCC51142/ID_004954_44825719_annotated.ffmsgf
Cyanothece_sp_ATCC51142,CTC_4_18s_O18_B_02_Orbi_09Aug07_Owl_07-04-13,/home/mitsuki/out/altorf/proteome/sequence/Cyanothece_sp_ATCC51142/ID_004954_44825719_annotated.ffmsgf
Cyanothece_sp_ATCC51142,Cyano_Biohydrogen_A1_04_20Feb11_Doc_11-02-12,/home/mitsuki/out/altorf/proteome/sequence/Cyanothece_sp_ATCC51142/ID_004954_44825719_annotated.ffmsgf
Cyanothece_sp_ATCC51142,CTC_6_01_02_10Aug06_Draco_06-06-01,/home/mitsuki/out/altorf/proteome/sequence/Cyanothece_sp_ATCC51142/ID_004954_44825719_annotated.ffmsgf
Cyanothece_sp_ATCC51142,Cyano_Biohydrogen_C1_01_3Feb11_Doc_10-09-52,/home/mitsuki/out/altorf/proteome/sequence/Cyanothece_sp_ATCC51142/ID_004954_44825719_annotated.ffmsgf
Cyanothece_sp_ATCC51142,CTC_6_05s_08_08Mar07_Phoenix_06-11-17,/home/mitsuki/out/altorf/proteome/sequence/Cyanothece_sp_ATCC51142/ID_004954_44825719_annotated.ffmsgf
Cyanothece_strain_PCC7424,Cyano_GC_03_15_10Jun09_Draco_09-05-02,/home/mitsuki/out/altorf/proteome/sequence/Cyanothece_strain_PCC7424/ID_004844_2DFC3C9E_annotated.ffmsgf
Cyanothece_strain_PCC7424,Cyano_GC_02_01_18Jul09_Draco_09-05-01,/home/mitsuki/out/altorf/proteome/sequence/Cyanothece_strain_PCC7424/ID_004844_2DFC3C9E_annotated.ffmsgf
Cyanothece_strain_PCC7424,Cyano_GC_01_24_3Sep09_Draco_09-05-03,/home/mitsuki/out/altorf/proteome/sequence/Cyanothece_strain_PCC7424/ID_004844_2DFC3C9E_annotated.ffmsgf
Cyanothece_strain_PCC7424,Cyano_GC_02_04_18Jul09_Draco_09-05-04,/home/mitsuki/out/altorf/proteome/sequence/Cyanothece_strain_PCC7424/ID_004844_2DFC3C9E_annotated.ffmsgf
Cyanothece_strain_PCC7424,Cyano_GC_01_18_27Aug09_Draco_09-05-03,/home/mitsuki/out/altorf/proteome/sequence/Cyanothece_strain_PCC7424/ID_004844_2DFC3C9E_annotated.ffmsgf
Cyanothece_strain_PCC7424,Cyano_GC_01_20_27Aug09_Draco_09-05-03,/home/mitsuki/out/altorf/proteome/sequence/Cyanothece_strain_PCC7424/ID_004844_2DFC3C9E_annotated.ffmsgf
Cyanothece_strain_PCC7424,Cyano_GC_01_19_27Aug09_Draco_09-05-03,/home/mitsuki/out/altorf/proteome/sequence/Cyanothece_strain_PCC7424/ID_004844_2DFC3C9E_annotated.ffmsgf
Cyanothece_strain_PCC7424,Cyano_GC_03_22_10Jun09_Draco_09-05-01,/home/mitsuki/out/altorf/proteome/sequence/Cyanothece_strain_PCC7424/ID_004844_2DFC3C9E_annotated.ffmsgf
Cyanothece_strain_PCC7424,Cyano_GC_02_23_20Jul09_Draco_09-05-03,/home/mitsuki/out/altorf/proteome/sequence/Cyanothece_strain_PCC7424/ID_004844_2DFC3C9E_annotated.ffmsgf
Cyanothece_strain_PCC7424,Cyano_GC_02_LtqB_1Jun09_Draco_09-05-02,/home/mitsuki/out/altorf/proteome/sequence/Cyanothece_strain_PCC7424/ID_004844_2DFC3C9E_annotated.ffmsgf
Cyanothece_strain_PCC7425,Cyano_GC_05_08_4Jun09_Draco_09-05-04,/home/mitsuki/out/altorf/proteome/sequence/Cyanothece_strain_PCC7425/ID_004849_EEFDB300_annotated.ffmsgf
Cyanothece_strain_PCC7425,Cyano_GC_04_04_12Aug09_Draco_09-05-02,/home/mitsuki/out/altorf/proteome/sequence/Cyanothece_strain_PCC7425/ID_004849_EEFDB300_annotated.ffmsgf
Cyanothece_strain_PCC7425,Cyano_GC_06_10_25Jun09_Draco_09-05-04,/home/mitsuki/out/altorf/proteome/sequence/Cyanothece_strain_PCC7425/ID_004849_EEFDB300_annotated.ffmsgf
Cyanothece_strain_PCC7425,Cyano_GC_04_LtqA_14Aug09_Draco_09-05-03,/home/mitsuki/out/altorf/proteome/sequence/Cyanothece_strain_PCC7425/ID_004849_EEFDB300_annotated.ffmsgf
Cyanothece_strain_PCC7425,Cyano_GC_06_05_25Jun09_Draco_09-05-03,/home/mitsuki/out/altorf/proteome/sequence/Cyanothece_strain_PCC7425/ID_004849_EEFDB300_annotated.ffmsgf
Cyanothece_strain_PCC7425,Cyano_GC_04_17_17Aug09_Draco_09-05-01,/home/mitsuki/out/altorf/proteome/sequence/Cyanothece_strain_PCC7425/ID_004849_EEFDB300_annotated.ffmsgf
Cyanothece_strain_PCC7425,Cyano_GC_05_16_2Jun09_Draco_09-05-02,/home/mitsuki/out/altorf/proteome/sequence/Cyanothece_strain_PCC7425/ID_004849_EEFDB300_annotated.ffmsgf
Cyanothece_strain_PCC7425,Cyano_GC_04_21_14Aug09_Draco_09-05-01,/home/mitsuki/out/altorf/proteome/sequence/Cyanothece_strain_PCC7425/ID_004849_EEFDB300_annotated.ffmsgf
Cyanothece_strain_PCC7425,Cyano_GC_05_06_1Jun09_Draco_09-05-04,/home/mitsuki/out/altorf/proteome/sequence/Cyanothece_strain_PCC7425/ID_004849_EEFDB300_annotated.ffmsgf
Cyanothece_strain_PCC7425,Cyano_GC_06_18_26Jun09_Draco_09-05-04,/home/mitsuki/out/altorf/proteome/sequence/Cyanothece_strain_PCC7425/ID_004849_EEFDB300_annotated.ffmsgf
Cyanothece_strain_PCC7822,Cyano_GC_10_LtqA_21Aug09_Draco_09-05-01,/home/mitsuki/out/altorf/proteome/sequence/Cyanothece_strain_PCC7822/ID_004845_B332E024_annotated.ffmsgf
Cyanothece_strain_PCC7822,Cyano_GC_12_23_19Aug09_Draco_09-05-01,/home/mitsuki/out/altorf/proteome/sequence/Cyanothece_strain_PCC7822/ID_004845_B332E024_annotated.ffmsgf
Cyanothece_strain_PCC7822,Cyano_GC_10_05_21Aug09_Draco_09-05-01,/home/mitsuki/out/altorf/proteome/sequence/Cyanothece_strain_PCC7822/ID_004845_B332E024_annotated.ffmsgf
Cyanothece_strain_PCC7822,Cyano_GC_11_16_19Jun09_Draco_09-05-04,/home/mitsuki/out/altorf/proteome/sequence/Cyanothece_strain_PCC7822/ID_004845_B332E024_annotated.ffmsgf
Cyanothece_strain_PCC7822,Cyano_Biohydrogen_B1_02_9Feb11_Doc_11-02-11,/home/mitsuki/out/altorf/proteome/sequence/Cyanothece_strain_PCC7822/ID_004845_B332E024_annotated.ffmsgf
Cyanothece_strain_PCC7822,Cyano_Biohydrogen_B1_1_3Mar11_Doc_11-02-09,/home/mitsuki/out/altorf/proteome/sequence/Cyanothece_strain_PCC7822/ID_004845_B332E024_annotated.ffmsgf
Cyanothece_strain_PCC7822,Cyano_GC_11_15_19Jun09_Draco_09-05-03,/home/mitsuki/out/altorf/proteome/sequence/Cyanothece_strain_PCC7822/ID_004845_B332E024_annotated.ffmsgf
Cyanothece_strain_PCC7822,Cyano_Biohydrogen_B7_04_3Mar11_Doc_11-02-12,/home/mitsuki/out/altorf/proteome/sequence/Cyanothece_strain_PCC7822/ID_004845_B332E024_annotated.ffmsgf
Cyanothece_strain_PCC7822,Cyano_Biohydrogen_B1_01_3Feb11_Doc_10-12-07,/home/mitsuki/out/altorf/proteome/sequence/Cyanothece_strain_PCC7822/ID_004845_B332E024_annotated.ffmsgf
Cyanothece_strain_PCC7822,Cyano_B_Pool_03_4Feb11_Roc_10-09-26,/home/mitsuki/out/altorf/proteome/sequence/Cyanothece_strain_PCC7822/ID_004845_B332E024_annotated.ffmsgf
Cyanothece_strain_PCC8801,Cyano_GC_07_08_25Aug09_Draco_09-05-02,/home/mitsuki/out/altorf/proteome/sequence/Cyanothece_strain_PCC8801/ID_004840_AE3FA2E6_annotated.ffmsgf
Cyanothece_strain_PCC8801,Cyano_GC_07_07_25Aug09_Draco_09-05-02,/home/mitsuki/out/altorf/proteome/sequence/Cyanothece_strain_PCC8801/ID_004840_AE3FA2E6_annotated.ffmsgf
Cyanothece_strain_PCC8801,Cyano_GC_09_16_28Jun09_Draco_09-05-02,/home/mitsuki/out/altorf/proteome/sequence/Cyanothece_strain_PCC8801/ID_004840_AE3FA2E6_annotated.ffmsgf
Cyanothece_strain_PCC8801,Cyano_GC_09_04_27Jun09_Draco_09-05-02,/home/mitsuki/out/altorf/proteome/sequence/Cyanothece_strain_PCC8801/ID_004840_AE3FA2E6_annotated.ffmsgf
Cyanothece_strain_PCC8801,Cyano_GC_08_05_31Aug09_Draco_09-05-01,/home/mitsuki/out/altorf/proteome/sequence/Cyanothece_strain_PCC8801/ID_004840_AE3FA2E6_annotated.ffmsgf
Cyanothece_strain_PCC8801,Cyano_GC_09_LtqB_29Jun09_Draco_09-05-02,/home/mitsuki/out/altorf/proteome/sequence/Cyanothece_strain_PCC8801/ID_004840_AE3FA2E6_annotated.ffmsgf
Cyanothece_strain_PCC8801,Cyano_GC_08_11_14Jun09_Draco_09-05-03,/home/mitsuki/out/altorf/proteome/sequence/Cyanothece_strain_PCC8801/ID_004840_AE3FA2E6_annotated.ffmsgf
Cyanothece_strain_PCC8801,Cyano_GC_08_23_16Jun09_Draco_09-05-02,/home/mitsuki/out/altorf/proteome/sequence/Cyanothece_strain_PCC8801/ID_004840_AE3FA2E6_annotated.ffmsgf
Cyanothece_strain_PCC8801,Cyano_GC_08_20_16Jun09_Draco_09-05-03,/home/mitsuki/out/altorf/proteome/sequence/Cyanothece_strain_PCC8801/ID_004840_AE3FA2E6_annotated.ffmsgf
Cyanothece_strain_PCC8801,Cyano_GC_08_12_14Jun09_Draco_09-05-04,/home/mitsuki/out/altorf/proteome/sequence/Cyanothece_strain_PCC8801/ID_004840_AE3FA2E6_annotated.ffmsgf
Dehalococcoides_ethenogenes,D_etheno_O2PSS_05_18_2Aug11_Cougar_11-01-19,/home/mitsuki/out/altorf/proteome/sequence/Dehalococcoides_ethenogenes/ID_004865_5BAB391A_annotated.ffmsgf
Dehalococcoides_ethenogenes,D_etheno_O2PSS_05_23_8Aug11_Cougar_11-05-27,/home/mitsuki/out/altorf/proteome/sequence/Dehalococcoides_ethenogenes/ID_004865_5BAB391A_annotated.ffmsgf
Dehalococcoides_ethenogenes,D_etheno_O2PSS_05_19_2Aug11_Cougar_10-09-53,/home/mitsuki/out/altorf/proteome/sequence/Dehalococcoides_ethenogenes/ID_004865_5BAB391A_annotated.ffmsgf
Dehalococcoides_ethenogenes,D_etheno_O2PSS_03_09_28Jul11_Cougar_11-01-19,/home/mitsuki/out/altorf/proteome/sequence/Dehalococcoides_ethenogenes/ID_004865_5BAB391A_annotated.ffmsgf
Dehalococcoides_ethenogenes,D_etheno_O2PSS_02_14_25Jul11_Cougar_11-05-27,/home/mitsuki/out/altorf/proteome/sequence/Dehalococcoides_ethenogenes/ID_004865_5BAB391A_annotated.ffmsgf
Dehalococcoides_ethenogenes,D_etheno_O2PSS_06_05_8Aug11_Cougar_11-01-17,/home/mitsuki/out/altorf/proteome/sequence/Dehalococcoides_ethenogenes/ID_004865_5BAB391A_annotated.ffmsgf
Dehalococcoides_ethenogenes,D_etheno_03_09_02Sep11_Tiger_11-07-58,/home/mitsuki/out/altorf/proteome/sequence/Dehalococcoides_ethenogenes/ID_004865_5BAB391A_annotated.ffmsgf
Dehalococcoides_ethenogenes,D_etheno_O2PSS_02_24_25Jul11_Cougar_11-01-19,/home/mitsuki/out/altorf/proteome/sequence/Dehalococcoides_ethenogenes/ID_004865_5BAB391A_annotated.ffmsgf
Dehalococcoides_ethenogenes,D_etheno_TMT_D2_acid_09_10Jun12_Tiger_12-05-05,/home/mitsuki/out/altorf/proteome/sequence/Dehalococcoides_ethenogenes/ID_004865_5BAB391A_annotated.ffmsgf
Dehalococcoides_ethenogenes,D_etheno_35_03_9Apr12_Earth_12-03-13,/home/mitsuki/out/altorf/proteome/sequence/Dehalococcoides_ethenogenes/ID_004865_5BAB391A_annotated.ffmsgf
Enterobacter_cloacae_SCF1,E_ligno_SCF1_X_02_Run1_3Nov11_Earth_11-07-26,/home/mitsuki/out/altorf/proteome/sequence/Enterobacter_cloacae_SCF1/ID_004863_C56F41F6_annotated.ffmsgf
Enterobacter_cloacae_SCF1,E_Ligno_SCF1_L_sup_01_lipid_pos_26Sep12_Samwise_12-05-13,/home/mitsuki/out/altorf/proteome/sequence/Enterobacter_cloacae_SCF1/ID_004863_C56F41F6_annotated.ffmsgf
Enterobacter_cloacae_SCF1,E_Ligno_SCF1_X_sup_03_lipid_Neg_27Sep12_Samwise_12-05-13,/home/mitsuki/out/altorf/proteome/sequence/Enterobacter_cloacae_SCF1/ID_004863_C56F41F6_annotated.ffmsgf
Enterobacter_cloacae_SCF1,E_ligno_SCF1_LX_pool_07_01Oct11_Lynx_11-09-28,/home/mitsuki/out/altorf/proteome/sequence/Enterobacter_cloacae_SCF1/ID_004863_C56F41F6_annotated.ffmsgf
Enterobacter_cloacae_SCF1,E_ligno_SCF1_LX_pool_09_01Oct11_Lynx_11-09-28,/home/mitsuki/out/altorf/proteome/sequence/Enterobacter_cloacae_SCF1/ID_004863_C56F41F6_annotated.ffmsgf
Enterobacter_cloacae_SCF1,E_ligno_SCF1_L_03_Run3_11Nov11_Earth_11-07-26,/home/mitsuki/out/altorf/proteome/sequence/Enterobacter_cloacae_SCF1/ID_004863_C56F41F6_annotated.ffmsgf
Enterobacter_cloacae_SCF1,E_ligno_SCF1_X_sup_03_Run1_13Jun12_Earth_12-04-17,/home/mitsuki/out/altorf/proteome/sequence/Enterobacter_cloacae_SCF1/ID_004863_C56F41F6_annotated.ffmsgf
Enterobacter_cloacae_SCF1,E_ligno_SCF1_LX_pool_03_01Oct11_Lynx_11-09-28,/home/mitsuki/out/altorf/proteome/sequence/Enterobacter_cloacae_SCF1/ID_004863_C56F41F6_annotated.ffmsgf
Enterobacter_cloacae_SCF1,E_ligno_SCF1_X_sup_02_Run1_14Jun12_Earth_12-04-17,/home/mitsuki/out/altorf/proteome/sequence/Enterobacter_cloacae_SCF1/ID_004863_C56F41F6_annotated.ffmsgf
Enterobacter_cloacae_SCF1,E_Ligno_SCF1_L_sup_03_lipid_pos_26Sep12_Samwise_12-05-13,/home/mitsuki/out/altorf/proteome/sequence/Enterobacter_cloacae_SCF1/ID_004863_C56F41F6_annotated.ffmsgf
Fibrobacter_succinogenes_S85,F_succ_glu_p_09_30Apr12_Tiger_12-04-05,/home/mitsuki/out/altorf/proteome/sequence/Fibrobacter_succinogenes_S85/ID_004867_DF0AE460_annotated.ffmsgf
Fibrobacter_succinogenes_S85,Fibro_Gluc_M_NP1_20Mar12_Doc_12-02-12,/home/mitsuki/out/altorf/proteome/sequence/Fibrobacter_succinogenes_S85/ID_004867_DF0AE460_annotated.ffmsgf
Fibrobacter_succinogenes_S85,Fibro_Av_M_NP1_B_20Mar12_Doc_12-02-12,/home/mitsuki/out/altorf/proteome/sequence/Fibrobacter_succinogenes_S85/ID_004867_DF0AE460_annotated.ffmsgf
Fibrobacter_succinogenes_S85,F_succ_glu_p_06_30Apr12_Tiger_12-04-06,/home/mitsuki/out/altorf/proteome/sequence/Fibrobacter_succinogenes_S85/ID_004867_DF0AE460_annotated.ffmsgf
Fibrobacter_succinogenes_S85,F_succ_glu_p_04_30Apr12_Tiger_12-04-06,/home/mitsuki/out/altorf/proteome/sequence/Fibrobacter_succinogenes_S85/ID_004867_DF0AE460_annotated.ffmsgf
Fibrobacter_succinogenes_S85,F_succ_av_p_05_24Apr12_Tiger_12-04-05,/home/mitsuki/out/altorf/proteome/sequence/Fibrobacter_succinogenes_S85/ID_004867_DF0AE460_annotated.ffmsgf
Fibrobacter_succinogenes_S85,Fibro_Av_P_2DABP3_20Mar12_Doc_12-02-15,/home/mitsuki/out/altorf/proteome/sequence/Fibrobacter_succinogenes_S85/ID_004867_DF0AE460_annotated.ffmsgf
Fibrobacter_succinogenes_S85,F_succ_glu_m_06_28Apr12_Tiger_12-04-05,/home/mitsuki/out/altorf/proteome/sequence/Fibrobacter_succinogenes_S85/ID_004867_DF0AE460_annotated.ffmsgf
Fibrobacter_succinogenes_S85,F_succ_av_p_04_24Apr12_Tiger_12-04-06,/home/mitsuki/out/altorf/proteome/sequence/Fibrobacter_succinogenes_S85/ID_004867_DF0AE460_annotated.ffmsgf
Fibrobacter_succinogenes_S85,F_succ_glu_m_04_28Apr12_Tiger_12-04-05,/home/mitsuki/out/altorf/proteome/sequence/Fibrobacter_succinogenes_S85/ID_004867_DF0AE460_annotated.ffmsgf
Geobacter_bemidjiensis_Bem_T,Rifle_2010_GW_cd01_06_15__b_09Aug11_Lynx_11-06-24,/home/mitsuki/out/altorf/proteome/sequence/Geobacter_bemidjiensis_Bem_T/ID_004829_B35B6E0C_annotated.ffmsgf
Geobacter_bemidjiensis_Bem_T,Gbem_memsol_008_Block2_6Jul12_Falcon_12-06-02,/home/mitsuki/out/altorf/proteome/sequence/Geobacter_bemidjiensis_Bem_T/ID_004829_B35B6E0C_annotated.ffmsgf
Geobacter_bemidjiensis_Bem_T,Gbem_Bulk_1_2__block2_9Mar12_Doc_12-02-20,/home/mitsuki/out/altorf/proteome/sequence/Geobacter_bemidjiensis_Bem_T/ID_004829_B35B6E0C_annotated.ffmsgf
Geobacter_bemidjiensis_Bem_T,Rifle_2010_GW_cd01_04_05__b_03Aug11_Lynx_11-02-05,/home/mitsuki/out/altorf/proteome/sequence/Geobacter_bemidjiensis_Bem_T/ID_004829_B35B6E0C_annotated.ffmsgf
Geobacter_bemidjiensis_Bem_T,Rifle_2010_GW_CD01_07_05_21Jul11_Lynx_11-07-01,/home/mitsuki/out/altorf/proteome/sequence/Geobacter_bemidjiensis_Bem_T/ID_004829_B35B6E0C_annotated.ffmsgf
Geobacter_bemidjiensis_Bem_T,Rifle_2011_GW_03_12_10Jul12_Tiger_12-05-06,/home/mitsuki/out/altorf/proteome/sequence/Geobacter_bemidjiensis_Bem_T/ID_004829_B35B6E0C_annotated.ffmsgf
Geobacter_bemidjiensis_Bem_T,Gbem_memsol_025__block1_rr_3Jul12_Falcon_12-06-02,/home/mitsuki/out/altorf/proteome/sequence/Geobacter_bemidjiensis_Bem_T/ID_004829_B35B6E0C_annotated.ffmsgf
Geobacter_bemidjiensis_Bem_T,Rifle_2010_GW_CD01_12_14_13Jul11_Lynx_11-07-02,/home/mitsuki/out/altorf/proteome/sequence/Geobacter_bemidjiensis_Bem_T/ID_004829_B35B6E0C_annotated.ffmsgf
Geobacter_bemidjiensis_Bem_T,Rifle_2010_GW_CD01_13_07_13Jul11_Lynx_11-07-01,/home/mitsuki/out/altorf/proteome/sequence/Geobacter_bemidjiensis_Bem_T/ID_004829_B35B6E0C_annotated.ffmsgf
Geobacter_bemidjiensis_Bem_T,Rifle_2010_GW_CD01_05_04_07Jul11_Lynx_11-07-02,/home/mitsuki/out/altorf/proteome/sequence/Geobacter_bemidjiensis_Bem_T/ID_004829_B35B6E0C_annotated.ffmsgf
Geobacter_metallireducens_GS-15,gmet_insol_AIC_neg_FT1c_03Apr05_Pegasus_0305-01,/home/mitsuki/out/altorf/proteome/sequence/Geobacter_metallireducens_GS-15/ID_004820_29E4B9CC_annotated.ffmsgf
Geobacter_metallireducens_GS-15,gmet_insol_AIC_10_11_FT1a_04Apr05_Pegasus_0305-01,/home/mitsuki/out/altorf/proteome/sequence/Geobacter_metallireducens_GS-15/ID_004820_29E4B9CC_annotated.ffmsgf
Geobacter_metallireducens_GS-15,gmet_insol_HIC_8_9_FT1b_03Apr05_Pegasus_0305-01,/home/mitsuki/out/altorf/proteome/sequence/Geobacter_metallireducens_GS-15/ID_004820_29E4B9CC_annotated.ffmsgf
Geobacter_metallireducens_GS-15,gmet_insol_RAW_FT1a_01Apr05_Pegasus_0305-02,/home/mitsuki/out/altorf/proteome/sequence/Geobacter_metallireducens_GS-15/ID_004820_29E4B9CC_annotated.ffmsgf
Geobacter_metallireducens_GS-15,gmet_sol_RAW_FT1b_14Apr05_Pegasus_0305-08,/home/mitsuki/out/altorf/proteome/sequence/Geobacter_metallireducens_GS-15/ID_004820_29E4B9CC_annotated.ffmsgf
Geobacter_metallireducens_GS-15,gmet_insol_AIC_10_11_FT1b_04Apr05_Pegasus_0305-02,/home/mitsuki/out/altorf/proteome/sequence/Geobacter_metallireducens_GS-15/ID_004820_29E4B9CC_annotated.ffmsgf
Geobacter_metallireducens_GS-15,gmet_insol_NIC_4_5_FT1b_04Apr05_Pegasus_0305-01,/home/mitsuki/out/altorf/proteome/sequence/Geobacter_metallireducens_GS-15/ID_004820_29E4B9CC_annotated.ffmsgf
Geobacter_metallireducens_GS-15,gmet_sol_RAW_FT1c_14Apr05_Pegasus_0305-07,/home/mitsuki/out/altorf/proteome/sequence/Geobacter_metallireducens_GS-15/ID_004820_29E4B9CC_annotated.ffmsgf
Geobacter_metallireducens_GS-15,gmet_insol_NIC_4_5_FT1a_04Apr05_Pegasus_0305-02,/home/mitsuki/out/altorf/proteome/sequence/Geobacter_metallireducens_GS-15/ID_004820_29E4B9CC_annotated.ffmsgf
Geobacter_metallireducens_GS-15,gmet_insol_NIC_15_16_FT1b_04Apr05_Pegasus_0305-02,/home/mitsuki/out/altorf/proteome/sequence/Geobacter_metallireducens_GS-15/ID_004820_29E4B9CC_annotated.ffmsgf
Halorhabdus_utahensis_DSM_12940,JGI_12940_02_24_22Aug08_Raptor_08-05-17,/home/mitsuki/out/altorf/proteome/sequence/Halorhabdus_utahensis_DSM_12940/ID_004869_B27D1647_annotated.ffmsgf
Halorhabdus_utahensis_DSM_12940,JGI_12940_02_18_25Aug08_Raptor_08-05-17,/home/mitsuki/out/altorf/proteome/sequence/Halorhabdus_utahensis_DSM_12940/ID_004869_B27D1647_annotated.ffmsgf
Halorhabdus_utahensis_DSM_12940,JGI_12940_03_16_25Aug08_Raptor_07-12-23,/home/mitsuki/out/altorf/proteome/sequence/Halorhabdus_utahensis_DSM_12940/ID_004869_B27D1647_annotated.ffmsgf
Halorhabdus_utahensis_DSM_12940,JGI_12940_02_11_22Aug08_Raptor_08-01-01,/home/mitsuki/out/altorf/proteome/sequence/Halorhabdus_utahensis_DSM_12940/ID_004869_B27D1647_annotated.ffmsgf
Halorhabdus_utahensis_DSM_12940,JGI_12940_02_13_22Aug08_Raptor_07-12-23,/home/mitsuki/out/altorf/proteome/sequence/Halorhabdus_utahensis_DSM_12940/ID_004869_B27D1647_annotated.ffmsgf
Halorhabdus_utahensis_DSM_12940,JGI_12940_02_17_22Aug08_Raptor_07-12-23,/home/mitsuki/out/altorf/proteome/sequence/Halorhabdus_utahensis_DSM_12940/ID_004869_B27D1647_annotated.ffmsgf
Halorhabdus_utahensis_DSM_12940,JGI_12940_03_05_25Aug08_Raptor_08-06-18,/home/mitsuki/out/altorf/proteome/sequence/Halorhabdus_utahensis_DSM_12940/ID_004869_B27D1647_annotated.ffmsgf
Halorhabdus_utahensis_DSM_12940,JGI_12940_02_21_22Aug08_Raptor_07-12-23,/home/mitsuki/out/altorf/proteome/sequence/Halorhabdus_utahensis_DSM_12940/ID_004869_B27D1647_annotated.ffmsgf
Halorhabdus_utahensis_DSM_12940,JGI_12940_03_01_25Aug08_Raptor_08-06-18,/home/mitsuki/out/altorf/proteome/sequence/Halorhabdus_utahensis_DSM_12940/ID_004869_B27D1647_annotated.ffmsgf
Halorhabdus_utahensis_DSM_12940,JGI_12940_02_15_22Aug08_Raptor_08-01-01,/home/mitsuki/out/altorf/proteome/sequence/Halorhabdus_utahensis_DSM_12940/ID_004869_B27D1647_annotated.ffmsgf
Kineococcus_radiotolerans_SRS30216,Kradi001_run3_18Aug08_Draco_08-07-15,/home/mitsuki/out/altorf/proteome/sequence/Kineococcus_radiotolerans_SRS30216/ID_004768_DED77D6A_annotated.ffmsgf
Kineococcus_radiotolerans_SRS30216,Kradi007_run3_14Aug08_Draco_08-07-15,/home/mitsuki/out/altorf/proteome/sequence/Kineococcus_radiotolerans_SRS30216/ID_004768_DED77D6A_annotated.ffmsgf
Kineococcus_radiotolerans_SRS30216,Kradi004_run1_5Aug08_Draco_08-07-15,/home/mitsuki/out/altorf/proteome/sequence/Kineococcus_radiotolerans_SRS30216/ID_004768_DED77D6A_annotated.ffmsgf
Kineococcus_radiotolerans_SRS30216,Kradi001_run2_14Aug08_Draco_08-07-15,/home/mitsuki/out/altorf/proteome/sequence/Kineococcus_radiotolerans_SRS30216/ID_004768_DED77D6A_annotated.ffmsgf
Kineococcus_radiotolerans_SRS30216,Kradi011_run3_14Aug08_Draco_08-07-15,/home/mitsuki/out/altorf/proteome/sequence/Kineococcus_radiotolerans_SRS30216/ID_004768_DED77D6A_annotated.ffmsgf
Kineococcus_radiotolerans_SRS30216,Kradi008_run1_5Aug08_Draco_08-07-15,/home/mitsuki/out/altorf/proteome/sequence/Kineococcus_radiotolerans_SRS30216/ID_004768_DED77D6A_annotated.ffmsgf
Kineococcus_radiotolerans_SRS30216,Kradi009_run3_18Aug08_Draco_08-07-15,/home/mitsuki/out/altorf/proteome/sequence/Kineococcus_radiotolerans_SRS30216/ID_004768_DED77D6A_annotated.ffmsgf
Kineococcus_radiotolerans_SRS30216,Kradi002_run3_18Aug08_Draco_08-07-15,/home/mitsuki/out/altorf/proteome/sequence/Kineococcus_radiotolerans_SRS30216/ID_004768_DED77D6A_annotated.ffmsgf
Kineococcus_radiotolerans_SRS30216,Kradi004_run3_14Aug08_Draco_08-07-15,/home/mitsuki/out/altorf/proteome/sequence/Kineococcus_radiotolerans_SRS30216/ID_004768_DED77D6A_annotated.ffmsgf
Kineococcus_radiotolerans_SRS30216,Kradi012_run2_13Aug08_Draco_08-07-15,/home/mitsuki/out/altorf/proteome/sequence/Kineococcus_radiotolerans_SRS30216/ID_004768_DED77D6A_annotated.ffmsgf
Kosmotoga_olearia_TBF_19-5-1,Sample_4065_iTRAQ,/home/mitsuki/out/altorf/proteome/sequence/Kosmotoga_olearia_TBF_19-5-1/ID_004920_1133F137_annotated.ffmsgf
Kosmotoga_olearia_TBF_19-5-1,K_50_soluble_01,/home/mitsuki/out/altorf/proteome/sequence/Kosmotoga_olearia_TBF_19-5-1/ID_004920_1133F137_annotated.ffmsgf
Kosmotoga_olearia_TBF_19-5-1,K_50_insoluble_intact_04212012,/home/mitsuki/out/altorf/proteome/sequence/Kosmotoga_olearia_TBF_19-5-1/ID_004920_1133F137_annotated.ffmsgf
Kosmotoga_olearia_TBF_19-5-1,K_olearia_65C_Soluble-2_4Apr12_Jaguar_12-02-26,/home/mitsuki/out/altorf/proteome/sequence/Kosmotoga_olearia_TBF_19-5-1/ID_004920_1133F137_annotated.ffmsgf
Kosmotoga_olearia_TBF_19-5-1,K_olearia_40C_Soluble-2_4Apr12_Jaguar_12-02-26,/home/mitsuki/out/altorf/proteome/sequence/Kosmotoga_olearia_TBF_19-5-1/ID_004920_1133F137_annotated.ffmsgf
Kosmotoga_olearia_TBF_19-5-1,Sample_5065_iTRAQ,/home/mitsuki/out/altorf/proteome/sequence/Kosmotoga_olearia_TBF_19-5-1/ID_004920_1133F137_annotated.ffmsgf
Kosmotoga_olearia_TBF_19-5-1,K_50_soluble_intact_04212012,/home/mitsuki/out/altorf/proteome/sequence/Kosmotoga_olearia_TBF_19-5-1/ID_004920_1133F137_annotated.ffmsgf
Kosmotoga_olearia_TBF_19-5-1,K_65_soluble_02,/home/mitsuki/out/altorf/proteome/sequence/Kosmotoga_olearia_TBF_19-5-1/ID_004920_1133F137_annotated.ffmsgf
Kosmotoga_olearia_TBF_19-5-1,K_olearia_iTRAQ4_50a02May12_Legolas_11-07-64,/home/mitsuki/out/altorf/proteome/sequence/Kosmotoga_olearia_TBF_19-5-1/ID_004920_1133F137_annotated.ffmsgf
Kosmotoga_olearia_TBF_19-5-1,K_olearia_50C_Soluble-2_4Apr12_Jaguar_12-02-26,/home/mitsuki/out/altorf/proteome/sequence/Kosmotoga_olearia_TBF_19-5-1/ID_004920_1133F137_annotated.ffmsgf
Pelagibacter_ubique_HTC1062,pubiq025_run1_23Dec06_OWL_06-12-04,/home/mitsuki/out/altorf/proteome/sequence/Pelagibacter_ubique_HTC1062/ID_004810_4A8C46D5_annotated.ffmsgf
Pelagibacter_ubique_HTC1062,P_ubique_SL_01_run1_27Dec10_Falcon_10-12-06,/home/mitsuki/out/altorf/proteome/sequence/Pelagibacter_ubique_HTC1062/ID_004810_4A8C46D5_annotated.ffmsgf
Pelagibacter_ubique_HTC1062,P_ubique_SL_25_run2_22Dec10_Falcon_10-11-07,/home/mitsuki/out/altorf/proteome/sequence/Pelagibacter_ubique_HTC1062/ID_004810_4A8C46D5_annotated.ffmsgf
Pelagibacter_ubique_HTC1062,P_ubique_NL_07__Run1_14Jun11_Doc_11-04-06,/home/mitsuki/out/altorf/proteome/sequence/Pelagibacter_ubique_HTC1062/ID_004810_4A8C46D5_annotated.ffmsgf
Pelagibacter_ubique_HTC1062,P_ubique_LD_01_Run3_17Sep11_Jaguar_11-06-26,/home/mitsuki/out/altorf/proteome/sequence/Pelagibacter_ubique_HTC1062/ID_004810_4A8C46D5_annotated.ffmsgf
Pelagibacter_ubique_HTC1062,P_ubique_NL_02__Run2_14Jun11_Doc_11-02-10,/home/mitsuki/out/altorf/proteome/sequence/Pelagibacter_ubique_HTC1062/ID_004810_4A8C46D5_annotated.ffmsgf
Pelagibacter_ubique_HTC1062,P_ubique_NL_12__Run3_14Jun11_Doc_11-04-06,/home/mitsuki/out/altorf/proteome/sequence/Pelagibacter_ubique_HTC1062/ID_004810_4A8C46D5_annotated.ffmsgf
Pelagibacter_ubique_HTC1062,P_ubique_SL_21_Set2_1_11Apr11_Phoenix_11-02-53,/home/mitsuki/out/altorf/proteome/sequence/Pelagibacter_ubique_HTC1062/ID_004810_4A8C46D5_annotated.ffmsgf
Pelagibacter_ubique_HTC1062,P_ubique_SL_18_Set2_2_5Apr11_Phoenix_11-02-56,/home/mitsuki/out/altorf/proteome/sequence/Pelagibacter_ubique_HTC1062/ID_004810_4A8C46D5_annotated.ffmsgf
Pelagibacter_ubique_HTC1062,P_ubique_LD_15__Run1_2Nov11_Tiger_11-02-43,/home/mitsuki/out/altorf/proteome/sequence/Pelagibacter_ubique_HTC1062/ID_004810_4A8C46D5_annotated.ffmsgf
Pelobacter_carbinolicus_DSM_2380,Pcarb002_LTQFT_run3_23Sep05_Andro_0705-06,/home/mitsuki/out/altorf/proteome/sequence/Pelobacter_carbinolicus_DSM_2380/ID_004650_EC0C699B_annotated.ffmsgf
Pelobacter_carbinolicus_DSM_2380,Pcarb001_LTQFT_run1_23Sep05_Andro_0705-06,/home/mitsuki/out/altorf/proteome/sequence/Pelobacter_carbinolicus_DSM_2380/ID_004650_EC0C699B_annotated.ffmsgf
Pelobacter_carbinolicus_DSM_2380,Pcarb001_LTQFT_run2_23Sep05_Andro_0705-06,/home/mitsuki/out/altorf/proteome/sequence/Pelobacter_carbinolicus_DSM_2380/ID_004650_EC0C699B_annotated.ffmsgf
Pelobacter_carbinolicus_DSM_2380,Pcarb002_LTQFT_run1_23Sep05_Andro_0705-06,/home/mitsuki/out/altorf/proteome/sequence/Pelobacter_carbinolicus_DSM_2380/ID_004650_EC0C699B_annotated.ffmsgf
Pelobacter_carbinolicus_DSM_2380,Pcarb001_LTQFT_run3_23Sep05_Andro_0705-06,/home/mitsuki/out/altorf/proteome/sequence/Pelobacter_carbinolicus_DSM_2380/ID_004650_EC0C699B_annotated.ffmsgf
Pelobacter_carbinolicus_DSM_2380,Pcarb002_LTQFT_run2_23Sep05_Andro_0705-06,/home/mitsuki/out/altorf/proteome/sequence/Pelobacter_carbinolicus_DSM_2380/ID_004650_EC0C699B_annotated.ffmsgf
Prochlorococcus,Prochloro_23_OrbiA_24Mar09_Falcon_09-01-31,/home/mitsuki/out/altorf/proteome/sequence/Prochlorococcus/ID_004950_C18243FD_annotated.ffmsgf
Prochlorococcus,Prochloro_19_OrbiB_20Mar09_Falcon_09-01-31,/home/mitsuki/out/altorf/proteome/sequence/Prochlorococcus/ID_004950_C18243FD_annotated.ffmsgf
Prochlorococcus,Prochloro_26_OrbiB_24Mar09_Falcon_09-01-31,/home/mitsuki/out/altorf/proteome/sequence/Prochlorococcus/ID_004950_C18243FD_annotated.ffmsgf
Prochlorococcus,Prochloro_22_OrbiA_24Mar09_Falcon_09-01-31,/home/mitsuki/out/altorf/proteome/sequence/Prochlorococcus/ID_004950_C18243FD_annotated.ffmsgf
Prochlorococcus,Prochloro_27_OrbiB_27Mar09_Falcon_09-01-31,/home/mitsuki/out/altorf/proteome/sequence/Prochlorococcus/ID_004950_C18243FD_annotated.ffmsgf
Prochlorococcus,Prochloro_24_OrbiA_24Mar09_Falcon_09-01-31,/home/mitsuki/out/altorf/proteome/sequence/Prochlorococcus/ID_004950_C18243FD_annotated.ffmsgf
Prochlorococcus,Prochloro_28_OrbiA_27Mar09_Falcon_09-01-31,/home/mitsuki/out/altorf/proteome/sequence/Prochlorococcus/ID_004950_C18243FD_annotated.ffmsgf
Prochlorococcus,Prochloro_24_OrbiB_24Mar09_Falcon_09-01-31,/home/mitsuki/out/altorf/proteome/sequence/Prochlorococcus/ID_004950_C18243FD_annotated.ffmsgf
Prochlorococcus,Prochloro_10_orbiA_5Feb09_Sphinx_08-11-22,/home/mitsuki/out/altorf/proteome/sequence/Prochlorococcus/ID_004950_C18243FD_annotated.ffmsgf
Prochlorococcus,Prochloro_18_orbiA_9Feb09_Sphinx_08-11-22,/home/mitsuki/out/altorf/proteome/sequence/Prochlorococcus/ID_004950_C18243FD_annotated.ffmsgf
Rhodobacter_capsulatus_SB1003,LangBPhos_Rcap_I-5_c_20Aug10_Cougar_10-03-29,/home/mitsuki/out/altorf/proteome/sequence/Rhodobacter_capsulatus_SB1003/ID_004811_833C8DCF_annotated.ffmsgf
Rhodobacter_capsulatus_SB1003,R_cap_ctrA_02_Run4_16Nov11_Earth_11-07-28,/home/mitsuki/out/altorf/proteome/sequence/Rhodobacter_capsulatus_SB1003/ID_004811_833C8DCF_annotated.ffmsgf
Rhodobacter_capsulatus_SB1003,LangBPhos_Rcap_I-4_a_20Aug10_Cougar_10-03-10,/home/mitsuki/out/altorf/proteome/sequence/Rhodobacter_capsulatus_SB1003/ID_004811_833C8DCF_annotated.ffmsgf
Rhodobacter_capsulatus_SB1003,LangBPhos_Rcap_S-4_c_28Jul10_Cougar_10-03-10,/home/mitsuki/out/altorf/proteome/sequence/Rhodobacter_capsulatus_SB1003/ID_004811_833C8DCF_annotated.ffmsgf
Rhodobacter_capsulatus_SB1003,R_cap_ctrA_01__Run1_16Nov11_Earth_11-07-25,/home/mitsuki/out/altorf/proteome/sequence/Rhodobacter_capsulatus_SB1003/ID_004811_833C8DCF_annotated.ffmsgf
Rhodobacter_capsulatus_SB1003,LangBPhos_Rcap_S-2_c_28Jul10_Cougar_10-03-29,/home/mitsuki/out/altorf/proteome/sequence/Rhodobacter_capsulatus_SB1003/ID_004811_833C8DCF_annotated.ffmsgf
Rhodobacter_capsulatus_SB1003,R_cap_cckA_02_Run3_16Nov11_Earth_11-07-27,/home/mitsuki/out/altorf/proteome/sequence/Rhodobacter_capsulatus_SB1003/ID_004811_833C8DCF_annotated.ffmsgf
Rhodobacter_capsulatus_SB1003,R_cap_ctrA_03_Run3_16Nov11_Earth_11-07-27,/home/mitsuki/out/altorf/proteome/sequence/Rhodobacter_capsulatus_SB1003/ID_004811_833C8DCF_annotated.ffmsgf
Rhodobacter_capsulatus_SB1003,LangBPhos_Rcap_G-6_c_14Jul10_Cougar_10-03-10,/home/mitsuki/out/altorf/proteome/sequence/Rhodobacter_capsulatus_SB1003/ID_004811_833C8DCF_annotated.ffmsgf
Rhodobacter_capsulatus_SB1003,R_cap_wt_01__Run1_22Nov11_Earth_11-07-25,/home/mitsuki/out/altorf/proteome/sequence/Rhodobacter_capsulatus_SB1003/ID_004811_833C8DCF_annotated.ffmsgf
Shewanella_amazonensis_SB2B,Shew_parnell_amazon_02_rep2_27May08_Draco_08-04-11,/home/mitsuki/out/altorf/proteome/sequence/Shewanella_amazonensis_SB2B/ID_004883_33A5A06F_annotated.ffmsgf
Shewanella_amazonensis_SB2B,Shew_parnell_amazon_03_set2_rep1_3Jul08_Draco_08-04-13,/home/mitsuki/out/altorf/proteome/sequence/Shewanella_amazonensis_SB2B/ID_004883_33A5A06F_annotated.ffmsgf
Shewanella_amazonensis_SB2B,Shew_parnell_amazon_03_set2_rep4_11Jul08_Draco_08-04-13,/home/mitsuki/out/altorf/proteome/sequence/Shewanella_amazonensis_SB2B/ID_004883_33A5A06F_annotated.ffmsgf
Shewanella_amazonensis_SB2B,Shew_parnell_amazon_03_set2_rep5_11Jul08_Draco_08-04-13,/home/mitsuki/out/altorf/proteome/sequence/Shewanella_amazonensis_SB2B/ID_004883_33A5A06F_annotated.ffmsgf
Shewanella_amazonensis_SB2B,Shew_parnell_amazon_02_rep1_2May08_Draco_08-02-11,/home/mitsuki/out/altorf/proteome/sequence/Shewanella_amazonensis_SB2B/ID_004883_33A5A06F_annotated.ffmsgf
Shewanella_amazonensis_SB2B,Shew_parnell_amazon_05_set2_rep5_11Jul08_Draco_08-04-13,/home/mitsuki/out/altorf/proteome/sequence/Shewanella_amazonensis_SB2B/ID_004883_33A5A06F_annotated.ffmsgf
Shewanella_amazonensis_SB2B,SAmazonSB2B_2-LTQFT1_31Jul05_Andro_0505-08,/home/mitsuki/out/altorf/proteome/sequence/Shewanella_amazonensis_SB2B/ID_004883_33A5A06F_annotated.ffmsgf
Shewanella_amazonensis_SB2B,Shew_parnell_amazon_03_rep3_2May08_Draco_08-02-11,/home/mitsuki/out/altorf/proteome/sequence/Shewanella_amazonensis_SB2B/ID_004883_33A5A06F_annotated.ffmsgf
Shewanella_amazonensis_SB2B,Shew_parnell_amazon_05_set2_rep1_3Jul08_Draco_08-04-13,/home/mitsuki/out/altorf/proteome/sequence/Shewanella_amazonensis_SB2B/ID_004883_33A5A06F_annotated.ffmsgf
Shewanella_amazonensis_SB2B,Shew_parnell_amazon_04_set2_rep4_11Jul08_Draco_08-04-13,/home/mitsuki/out/altorf/proteome/sequence/Shewanella_amazonensis_SB2B/ID_004883_33A5A06F_annotated.ffmsgf
Shewanella_frigidimarina_NCIMB_400,SFrigNCIMB400_3-LTQFT2_09Aug05_Andro_0505-07,/home/mitsuki/out/altorf/proteome/sequence/Shewanella_frigidimarina_NCIMB_400/ID_004886_1A876A95_annotated.ffmsgf
Shewanella_frigidimarina_NCIMB_400,SFrigNCIMB400_2-LTQFT1_30Jul05_Andro_0505-08,/home/mitsuki/out/altorf/proteome/sequence/Shewanella_frigidimarina_NCIMB_400/ID_004886_1A876A95_annotated.ffmsgf
Shewanella_frigidimarina_NCIMB_400,SFrigNCIMB400_1-LTQFT1_26Jul05_Andro_0505-07,/home/mitsuki/out/altorf/proteome/sequence/Shewanella_frigidimarina_NCIMB_400/ID_004886_1A876A95_annotated.ffmsgf
Shewanella_frigidimarina_NCIMB_400,SFrigNCIMB400_2-LTQFT2_30Jul05_Andro_0505-07,/home/mitsuki/out/altorf/proteome/sequence/Shewanella_frigidimarina_NCIMB_400/ID_004886_1A876A95_annotated.ffmsgf
Shewanella_frigidimarina_NCIMB_400,SFrigNCIMB400_2-LTQFT3_30Jul05_Andro_0505-08,/home/mitsuki/out/altorf/proteome/sequence/Shewanella_frigidimarina_NCIMB_400/ID_004886_1A876A95_annotated.ffmsgf
Shewanella_frigidimarina_NCIMB_400,SFrigNCIMB400_3-LTQFT3_09Aug05_Andro_0505-08,/home/mitsuki/out/altorf/proteome/sequence/Shewanella_frigidimarina_NCIMB_400/ID_004886_1A876A95_annotated.ffmsgf
Shewanella_frigidimarina_NCIMB_400,SFrigNCIMB400_3-LTQFT1_09Aug05_Andro_0505-08,/home/mitsuki/out/altorf/proteome/sequence/Shewanella_frigidimarina_NCIMB_400/ID_004886_1A876A95_annotated.ffmsgf
Shewanella_frigidimarina_NCIMB_400,SFrigNCIMB400_1-LTQFT2_26Jul05_Andro_0505-08,/home/mitsuki/out/altorf/proteome/sequence/Shewanella_frigidimarina_NCIMB_400/ID_004886_1A876A95_annotated.ffmsgf
Shewanella_loihica_PV-4,S_PV_4_3-LTQFT2_09Aug05_Andro_0505-08,/home/mitsuki/out/altorf/proteome/sequence/Shewanella_loihica_PV-4/ID_004885_DF4CE604_annotated.ffmsgf
Shewanella_loihica_PV-4,S_PV_4_1-LTQFT1_26Jul05_Andro_0505-08,/home/mitsuki/out/altorf/proteome/sequence/Shewanella_loihica_PV-4/ID_004885_DF4CE604_annotated.ffmsgf
Shewanella_loihica_PV-4,S_PV_4_3-LTQFT1_09Aug05_Andro_0505-07,/home/mitsuki/out/altorf/proteome/sequence/Shewanella_loihica_PV-4/ID_004885_DF4CE604_annotated.ffmsgf
Shewanella_loihica_PV-4,S_PV_4_1-LTQFT2_26Jul05_Andro_0505-07,/home/mitsuki/out/altorf/proteome/sequence/Shewanella_loihica_PV-4/ID_004885_DF4CE604_annotated.ffmsgf
Shewanella_loihica_PV-4,S_PV_4_3-LTQFT3_09Aug05_Andro_0505-07,/home/mitsuki/out/altorf/proteome/sequence/Shewanella_loihica_PV-4/ID_004885_DF4CE604_annotated.ffmsgf
Shewanella_loihica_PV-4,S_PV_4_2-LTQFT3_30Jul05_Andro_0505-07,/home/mitsuki/out/altorf/proteome/sequence/Shewanella_loihica_PV-4/ID_004885_DF4CE604_annotated.ffmsgf
Shewanella_loihica_PV-4,S_PV_4_1-LTQFT3_26Jul05_Andro_0505-08,/home/mitsuki/out/altorf/proteome/sequence/Shewanella_loihica_PV-4/ID_004885_DF4CE604_annotated.ffmsgf
Shewanella_loihica_PV-4,S_PV_4_2-LTQFT1_30Jul05_Andro_0505-07,/home/mitsuki/out/altorf/proteome/sequence/Shewanella_loihica_PV-4/ID_004885_DF4CE604_annotated.ffmsgf
Shewanella_loihica_PV-4,S_PV_4_2-LTQFT2_30Jul05_Andro_0505-08,/home/mitsuki/out/altorf/proteome/sequence/Shewanella_loihica_PV-4/ID_004885_DF4CE604_annotated.ffmsgf
Sulfolobus_acidocaldarius_DSM_639,FSFA-241a_19Oct12_Earth_12-09-17,/home/mitsuki/out/altorf/proteome/sequence/Sulfolobus_acidocaldarius_DSM_639/ID_004788_CFAE13F2_annotated.ffmsgf
Sulfolobus_acidocaldarius_DSM_639,FSFA-238a_17Oct12_Earth_12-09-17-OK,/home/mitsuki/out/altorf/proteome/sequence/Sulfolobus_acidocaldarius_DSM_639/ID_004788_CFAE13F2_annotated.ffmsgf
Sulfolobus_acidocaldarius_DSM_639,FSFA-248a_20Dec12_Cougar_12-12-01,/home/mitsuki/out/altorf/proteome/sequence/Sulfolobus_acidocaldarius_DSM_639/ID_004788_CFAE13F2_annotated.ffmsgf
Sulfolobus_acidocaldarius_DSM_639,FSFA-237b_17Oct12_Earth_12-04-18,/home/mitsuki/out/altorf/proteome/sequence/Sulfolobus_acidocaldarius_DSM_639/ID_004788_CFAE13F2_annotated.ffmsgf
Sulfolobus_acidocaldarius_DSM_639,FSFA-240b_19Oct12_Earth_12-04-18,/home/mitsuki/out/altorf/proteome/sequence/Sulfolobus_acidocaldarius_DSM_639/ID_004788_CFAE13F2_annotated.ffmsgf
Sulfolobus_acidocaldarius_DSM_639,FSFA_274_CID_70E,/home/mitsuki/out/altorf/proteome/sequence/Sulfolobus_acidocaldarius_DSM_639/ID_004788_CFAE13F2_annotated.ffmsgf
Sulfolobus_acidocaldarius_DSM_639,FSFA-239a_19Oct12_Earth_12-09-17,/home/mitsuki/out/altorf/proteome/sequence/Sulfolobus_acidocaldarius_DSM_639/ID_004788_CFAE13F2_annotated.ffmsgf
Sulfolobus_acidocaldarius_DSM_639,FSFA-247b_20Dec12_Cougar_12-12-02,/home/mitsuki/out/altorf/proteome/sequence/Sulfolobus_acidocaldarius_DSM_639/ID_004788_CFAE13F2_annotated.ffmsgf
Sulfolobus_acidocaldarius_DSM_639,FSFA-241b_22Oct12_Earth_12-09-17,/home/mitsuki/out/altorf/proteome/sequence/Sulfolobus_acidocaldarius_DSM_639/ID_004788_CFAE13F2_annotated.ffmsgf
Sulfolobus_acidocaldarius_DSM_639,FSFA-239b_17Oct12_Earth_12-04-18,/home/mitsuki/out/altorf/proteome/sequence/Sulfolobus_acidocaldarius_DSM_639/ID_004788_CFAE13F2_annotated.ffmsgf
Synechococcus_sp_PCC7002,NS_7002_IAAABP_1_NS_7002_30Dec11_Doc_11-12-15,/home/mitsuki/out/altorf/proteome/sequence/Synechococcus_sp_PCC7002/ID_004843_A2D683D1_annotated.ffmsgf
Synechococcus_sp_PCC7002,FSFA-081b_29Jul11_Doc_11-07-31,/home/mitsuki/out/altorf/proteome/sequence/Synechococcus_sp_PCC7002/ID_004843_A2D683D1_annotated.ffmsgf
Synechococcus_sp_PCC7002,IS_7002_LLD_1_2Dec11_Doc_11-10-01,/home/mitsuki/out/altorf/proteome/sequence/Synechococcus_sp_PCC7002/ID_004843_A2D683D1_annotated.ffmsgf
Synechococcus_sp_PCC7002,NS_7002_BR_Climit_1_1Feb12_Doc_11-12-19,/home/mitsuki/out/altorf/proteome/sequence/Synechococcus_sp_PCC7002/ID_004842_5CDC1677_annotated.ffmsgf
Synechococcus_sp_PCC7002,NS_7002_C_Globe_Climit_B_13Mar12_Doc_12-02-15,/home/mitsuki/out/altorf/proteome/sequence/Synechococcus_sp_PCC7002/ID_004843_A2D683D1_annotated.ffmsgf
Synechococcus_sp_PCC7002,Mixed_subcell-29b_13Sep10_Falcon_09-11-16,/home/mitsuki/out/altorf/proteome/sequence/Synechococcus_sp_PCC7002/ID_004843_A2D683D1_annotated.ffmsgf
Synechococcus_sp_PCC7002,IS_7002_LLD_2_B_2Dec11_Doc_11-10-03,/home/mitsuki/out/altorf/proteome/sequence/Synechococcus_sp_PCC7002/ID_004843_A2D683D1_annotated.ffmsgf
Synechococcus_sp_PCC7002,Cn_iod_IA1_14Jan11_Sphinx_10-11-03,/home/mitsuki/out/altorf/proteome/sequence/Synechococcus_sp_PCC7002/ID_004843_A2D683D1_annotated.ffmsgf
Synechococcus_sp_PCC7002,NCS_7002_IAA_Trx_IAAABP_3_15Jul12_Earth_12-04-17,/home/mitsuki/out/altorf/proteome/sequence/Synechococcus_sp_PCC7002/ID_004843_A2D683D1_annotated.ffmsgf
Synechococcus_sp_PCC7002,Syne_Stress_01_run2_20Feb09_Draco_09-01-05,/home/mitsuki/out/altorf/proteome/sequence/Synechococcus_sp_PCC7002/ID_004843_A2D683D1_annotated.ffmsgf
